2025-11-25 12:34:32,725 - httpx - INFO - HTTP Request: GET http://localhost:6333 "HTTP/1.1 200 OK"
2025-11-25 12:34:32,730 - embedding_pipeline - INFO - 🚀 開始 Embedding Pipeline 執行...
2025-11-25 12:34:32,730 - embedding_pipeline - INFO - 📁 載入 OLMoCR 結果...
2025-11-25 12:34:32,730 - embedding_pipeline - WARNING - OLMoCR 結果目錄不存在: /home/os-sunnie.gd.weng/python_workstation/side-project/RAG/RAG_full_tech_overview/multimodel-RAG/03-advanced-tools/olmocr/output/workspace/results
2025-11-25 12:34:32,730 - embedding_pipeline - ERROR - ❌ Pipeline 執行失敗: 沒有找到 OLMoCR 結果文件
2025-11-25 12:34:57,013 - httpx - INFO - HTTP Request: GET http://localhost:6333 "HTTP/1.1 200 OK"
2025-11-25 12:34:57,018 - embedding_pipeline - INFO - 🚀 開始 Embedding Pipeline 執行...
2025-11-25 12:34:57,018 - embedding_pipeline - INFO - 📁 載入 OLMoCR 結果...
2025-11-25 12:34:57,018 - embedding_pipeline - WARNING - OLMoCR 結果目錄不存在: /home/os-sunnie.gd.weng/python_workstation/side-project/RAG/RAG_full_tech_overview/multimodel-RAG/03.1-papers_knowledge_base/outputs/aggregated_chunks/results
2025-11-25 12:34:57,018 - embedding_pipeline - ERROR - ❌ Pipeline 執行失敗: 沒有找到 OLMoCR 結果文件
2025-11-25 12:35:30,705 - httpx - INFO - HTTP Request: GET http://localhost:6333 "HTTP/1.1 200 OK"
2025-11-25 12:35:30,709 - embedding_pipeline - INFO - 🚀 開始 Embedding Pipeline 執行...
2025-11-25 12:35:30,709 - embedding_pipeline - INFO - 📁 載入 OLMoCR 結果...
2025-11-25 12:35:30,709 - embedding_pipeline - INFO - 找到 5 個 OLMoCR 結果文件
2025-11-25 12:35:30,710 - embedding_pipeline - INFO - 從 IF_2020_Scaling_Laws_20251124.jsonl 載入了 1 筆記錄
2025-11-25 12:35:30,710 - embedding_pipeline - INFO - 從 IF_2023_RefinedWeb_20251124.jsonl 載入了 1 筆記錄
2025-11-25 12:35:30,711 - embedding_pipeline - INFO - 從 IF_2022_LAION_5B_20251124.jsonl 載入了 1 筆記錄
2025-11-25 12:35:30,711 - embedding_pipeline - INFO - 從 IF_2019_ZeRO_20251124.jsonl 載入了 1 筆記錄
2025-11-25 12:35:30,711 - embedding_pipeline - INFO - 從 IF_2024_MegaScale_20251124.jsonl 載入了 1 筆記錄
2025-11-25 12:35:30,711 - embedding_pipeline - INFO - 總共載入 5 筆 OLMoCR 記錄
2025-11-25 12:35:30,711 - embedding_pipeline - INFO - 📝 處理文檔...
2025-11-25 12:35:30,722 - embedding_pipeline - INFO - 生成了 715 個文檔塊
2025-11-25 12:35:30,722 - embedding_pipeline - INFO - 🗄️ 準備向量資料庫...
2025-11-25 12:35:30,723 - httpx - INFO - HTTP Request: GET http://localhost:6333/collections/olmocr_documents/exists "HTTP/1.1 200 OK"
2025-11-25 12:35:30,725 - embedding_pipeline - INFO - 創建新集合: olmocr_documents
2025-11-25 12:35:30,725 - embedding_pipeline - ERROR - 集合操作失敗: 2 validation errors for OptimizersConfig
deleted_threshold
  Field required [type=missing, input_value={'default_segment_number'...ptimization_threads': 1}, input_type=dict]
    For further information visit https://errors.pydantic.dev/2.12/v/missing
vacuum_min_vector_number
  Field required [type=missing, input_value={'default_segment_number'...ptimization_threads': 1}, input_type=dict]
    For further information visit https://errors.pydantic.dev/2.12/v/missing
2025-11-25 12:35:30,725 - embedding_pipeline - ERROR - ❌ Pipeline 執行失敗: 無法創建或訪問向量資料庫集合
2025-11-25 12:36:09,218 - httpx - INFO - HTTP Request: GET http://localhost:6333 "HTTP/1.1 200 OK"
2025-11-25 12:36:09,223 - embedding_pipeline - INFO - 🚀 開始 Embedding Pipeline 執行...
2025-11-25 12:36:09,224 - embedding_pipeline - INFO - 📁 載入 OLMoCR 結果...
2025-11-25 12:36:09,224 - embedding_pipeline - INFO - 找到 5 個 OLMoCR 結果文件
2025-11-25 12:36:09,228 - embedding_pipeline - INFO - 從 IF_2020_Scaling_Laws_20251124.jsonl 載入了 1 筆記錄
2025-11-25 12:36:09,236 - embedding_pipeline - INFO - 從 IF_2023_RefinedWeb_20251124.jsonl 載入了 1 筆記錄
2025-11-25 12:36:09,241 - embedding_pipeline - INFO - 從 IF_2022_LAION_5B_20251124.jsonl 載入了 1 筆記錄
2025-11-25 12:36:09,246 - embedding_pipeline - INFO - 從 IF_2019_ZeRO_20251124.jsonl 載入了 1 筆記錄
2025-11-25 12:36:09,250 - embedding_pipeline - INFO - 從 IF_2024_MegaScale_20251124.jsonl 載入了 1 筆記錄
2025-11-25 12:36:09,251 - embedding_pipeline - INFO - 總共載入 5 筆 OLMoCR 記錄
2025-11-25 12:36:09,251 - embedding_pipeline - INFO - 📝 處理文檔...
2025-11-25 12:36:09,263 - embedding_pipeline - INFO - 生成了 715 個文檔塊
2025-11-25 12:36:09,263 - embedding_pipeline - INFO - 🗄️ 準備向量資料庫...
2025-11-25 12:36:09,265 - httpx - INFO - HTTP Request: GET http://localhost:6333/collections/olmocr_documents/exists "HTTP/1.1 200 OK"
2025-11-25 12:36:09,266 - embedding_pipeline - INFO - 創建新集合: olmocr_documents
2025-11-25 12:36:09,267 - embedding_pipeline - ERROR - 集合操作失敗: 1 validation error for CreateCollection
optimizers_config
  Input should be a valid dictionary or instance of OptimizersConfigDiff [type=model_type, input_value=OptimizersConfig(deleted_..._optimization_threads=1), input_type=OptimizersConfig]
    For further information visit https://errors.pydantic.dev/2.12/v/model_type
2025-11-25 12:36:09,267 - embedding_pipeline - ERROR - ❌ Pipeline 執行失敗: 無法創建或訪問向量資料庫集合
2025-11-25 12:36:29,139 - httpx - INFO - HTTP Request: GET http://localhost:6333 "HTTP/1.1 200 OK"
2025-11-25 12:36:29,144 - embedding_pipeline - INFO - 🚀 開始 Embedding Pipeline 執行...
2025-11-25 12:36:29,144 - embedding_pipeline - INFO - 📁 載入 OLMoCR 結果...
2025-11-25 12:36:29,144 - embedding_pipeline - INFO - 找到 5 個 OLMoCR 結果文件
2025-11-25 12:36:29,145 - embedding_pipeline - INFO - 從 IF_2020_Scaling_Laws_20251124.jsonl 載入了 1 筆記錄
2025-11-25 12:36:29,146 - embedding_pipeline - INFO - 從 IF_2023_RefinedWeb_20251124.jsonl 載入了 1 筆記錄
2025-11-25 12:36:29,146 - embedding_pipeline - INFO - 從 IF_2022_LAION_5B_20251124.jsonl 載入了 1 筆記錄
2025-11-25 12:36:29,146 - embedding_pipeline - INFO - 從 IF_2019_ZeRO_20251124.jsonl 載入了 1 筆記錄
2025-11-25 12:36:29,146 - embedding_pipeline - INFO - 從 IF_2024_MegaScale_20251124.jsonl 載入了 1 筆記錄
2025-11-25 12:36:29,147 - embedding_pipeline - INFO - 總共載入 5 筆 OLMoCR 記錄
2025-11-25 12:36:29,147 - embedding_pipeline - INFO - 📝 處理文檔...
2025-11-25 12:36:29,158 - embedding_pipeline - INFO - 生成了 715 個文檔塊
2025-11-25 12:36:29,159 - embedding_pipeline - INFO - 🗄️ 準備向量資料庫...
2025-11-25 12:36:29,160 - httpx - INFO - HTTP Request: GET http://localhost:6333/collections/olmocr_documents/exists "HTTP/1.1 200 OK"
2025-11-25 12:36:29,161 - embedding_pipeline - INFO - 創建新集合: olmocr_documents
2025-11-25 12:36:29,434 - httpx - INFO - HTTP Request: PUT http://localhost:6333/collections/olmocr_documents "HTTP/1.1 200 OK"
2025-11-25 12:36:29,435 - embedding_pipeline - INFO - ✅ 集合創建成功
2025-11-25 12:36:29,435 - embedding_pipeline - INFO - 💾 添加文檔到向量資料庫...
2025-11-25 12:36:29,438 - httpx - INFO - HTTP Request: POST http://localhost:6333/collections/olmocr_documents/points/scroll "HTTP/1.1 200 OK"
2025-11-25 12:36:29,440 - httpx - INFO - HTTP Request: POST http://localhost:6333/collections/olmocr_documents/points/scroll "HTTP/1.1 200 OK"
2025-11-25 12:36:29,442 - httpx - INFO - HTTP Request: POST http://localhost:6333/collections/olmocr_documents/points/scroll "HTTP/1.1 200 OK"
2025-11-25 12:36:29,444 - httpx - INFO - HTTP Request: POST http://localhost:6333/collections/olmocr_documents/points/scroll "HTTP/1.1 200 OK"
2025-11-25 12:36:29,446 - httpx - INFO - HTTP Request: POST http://localhost:6333/collections/olmocr_documents/points/scroll "HTTP/1.1 200 OK"
2025-11-25 12:36:29,448 - httpx - INFO - HTTP Request: POST http://localhost:6333/collections/olmocr_documents/points/scroll "HTTP/1.1 200 OK"
2025-11-25 12:36:29,450 - httpx - INFO - HTTP Request: POST http://localhost:6333/collections/olmocr_documents/points/scroll "HTTP/1.1 200 OK"
2025-11-25 12:36:29,451 - httpx - INFO - HTTP Request: POST http://localhost:6333/collections/olmocr_documents/points/scroll "HTTP/1.1 200 OK"
2025-11-25 12:36:29,454 - httpx - INFO - HTTP Request: POST http://localhost:6333/collections/olmocr_documents/points/scroll "HTTP/1.1 200 OK"
2025-11-25 12:36:29,456 - httpx - INFO - HTTP Request: POST http://localhost:6333/collections/olmocr_documents/points/scroll "HTTP/1.1 200 OK"
2025-11-25 12:36:29,458 - httpx - INFO - HTTP Request: POST http://localhost:6333/collections/olmocr_documents/points/scroll "HTTP/1.1 200 OK"
2025-11-25 12:36:29,461 - httpx - INFO - HTTP Request: POST http://localhost:6333/collections/olmocr_documents/points/scroll "HTTP/1.1 200 OK"
2025-11-25 12:36:29,463 - httpx - INFO - HTTP Request: POST http://localhost:6333/collections/olmocr_documents/points/scroll "HTTP/1.1 200 OK"
2025-11-25 12:36:29,465 - httpx - INFO - HTTP Request: POST http://localhost:6333/collections/olmocr_documents/points/scroll "HTTP/1.1 200 OK"
2025-11-25 12:36:29,467 - httpx - INFO - HTTP Request: POST http://localhost:6333/collections/olmocr_documents/points/scroll "HTTP/1.1 200 OK"
2025-11-25 12:36:29,469 - httpx - INFO - HTTP Request: POST http://localhost:6333/collections/olmocr_documents/points/scroll "HTTP/1.1 200 OK"
2025-11-25 12:36:29,471 - httpx - INFO - HTTP Request: POST http://localhost:6333/collections/olmocr_documents/points/scroll "HTTP/1.1 200 OK"
2025-11-25 12:36:29,473 - httpx - INFO - HTTP Request: POST http://localhost:6333/collections/olmocr_documents/points/scroll "HTTP/1.1 200 OK"
2025-11-25 12:36:29,475 - httpx - INFO - HTTP Request: POST http://localhost:6333/collections/olmocr_documents/points/scroll "HTTP/1.1 200 OK"
2025-11-25 12:36:29,476 - httpx - INFO - HTTP Request: POST http://localhost:6333/collections/olmocr_documents/points/scroll "HTTP/1.1 200 OK"
2025-11-25 12:36:29,478 - httpx - INFO - HTTP Request: POST http://localhost:6333/collections/olmocr_documents/points/scroll "HTTP/1.1 200 OK"
2025-11-25 12:36:29,479 - httpx - INFO - HTTP Request: POST http://localhost:6333/collections/olmocr_documents/points/scroll "HTTP/1.1 200 OK"
2025-11-25 12:36:29,481 - httpx - INFO - HTTP Request: POST http://localhost:6333/collections/olmocr_documents/points/scroll "HTTP/1.1 200 OK"
2025-11-25 12:36:29,482 - httpx - INFO - HTTP Request: POST http://localhost:6333/collections/olmocr_documents/points/scroll "HTTP/1.1 200 OK"
2025-11-25 12:36:29,483 - httpx - INFO - HTTP Request: POST http://localhost:6333/collections/olmocr_documents/points/scroll "HTTP/1.1 200 OK"
2025-11-25 12:36:29,485 - httpx - INFO - HTTP Request: POST http://localhost:6333/collections/olmocr_documents/points/scroll "HTTP/1.1 200 OK"
2025-11-25 12:36:29,486 - httpx - INFO - HTTP Request: POST http://localhost:6333/collections/olmocr_documents/points/scroll "HTTP/1.1 200 OK"
2025-11-25 12:36:29,487 - httpx - INFO - HTTP Request: POST http://localhost:6333/collections/olmocr_documents/points/scroll "HTTP/1.1 200 OK"
2025-11-25 12:36:29,489 - httpx - INFO - HTTP Request: POST http://localhost:6333/collections/olmocr_documents/points/scroll "HTTP/1.1 200 OK"
2025-11-25 12:36:29,490 - httpx - INFO - HTTP Request: POST http://localhost:6333/collections/olmocr_documents/points/scroll "HTTP/1.1 200 OK"
2025-11-25 12:36:29,491 - httpx - INFO - HTTP Request: POST http://localhost:6333/collections/olmocr_documents/points/scroll "HTTP/1.1 200 OK"
2025-11-25 12:36:29,492 - httpx - INFO - HTTP Request: POST http://localhost:6333/collections/olmocr_documents/points/scroll "HTTP/1.1 200 OK"
2025-11-25 12:36:29,493 - httpx - INFO - HTTP Request: POST http://localhost:6333/collections/olmocr_documents/points/scroll "HTTP/1.1 200 OK"
2025-11-25 12:36:29,494 - httpx - INFO - HTTP Request: POST http://localhost:6333/collections/olmocr_documents/points/scroll "HTTP/1.1 200 OK"
2025-11-25 12:36:29,495 - httpx - INFO - HTTP Request: POST http://localhost:6333/collections/olmocr_documents/points/scroll "HTTP/1.1 200 OK"
2025-11-25 12:36:29,497 - httpx - INFO - HTTP Request: POST http://localhost:6333/collections/olmocr_documents/points/scroll "HTTP/1.1 200 OK"
2025-11-25 12:36:29,498 - httpx - INFO - HTTP Request: POST http://localhost:6333/collections/olmocr_documents/points/scroll "HTTP/1.1 200 OK"
2025-11-25 12:36:29,499 - httpx - INFO - HTTP Request: POST http://localhost:6333/collections/olmocr_documents/points/scroll "HTTP/1.1 200 OK"
2025-11-25 12:36:29,500 - httpx - INFO - HTTP Request: POST http://localhost:6333/collections/olmocr_documents/points/scroll "HTTP/1.1 200 OK"
2025-11-25 12:36:29,501 - httpx - INFO - HTTP Request: POST http://localhost:6333/collections/olmocr_documents/points/scroll "HTTP/1.1 200 OK"
2025-11-25 12:36:29,503 - httpx - INFO - HTTP Request: POST http://localhost:6333/collections/olmocr_documents/points/scroll "HTTP/1.1 200 OK"
2025-11-25 12:36:29,504 - httpx - INFO - HTTP Request: POST http://localhost:6333/collections/olmocr_documents/points/scroll "HTTP/1.1 200 OK"
2025-11-25 12:36:29,505 - httpx - INFO - HTTP Request: POST http://localhost:6333/collections/olmocr_documents/points/scroll "HTTP/1.1 200 OK"
2025-11-25 12:36:29,507 - httpx - INFO - HTTP Request: POST http://localhost:6333/collections/olmocr_documents/points/scroll "HTTP/1.1 200 OK"
2025-11-25 12:36:29,508 - httpx - INFO - HTTP Request: POST http://localhost:6333/collections/olmocr_documents/points/scroll "HTTP/1.1 200 OK"
2025-11-25 12:36:29,509 - httpx - INFO - HTTP Request: POST http://localhost:6333/collections/olmocr_documents/points/scroll "HTTP/1.1 200 OK"
2025-11-25 12:36:29,510 - httpx - INFO - HTTP Request: POST http://localhost:6333/collections/olmocr_documents/points/scroll "HTTP/1.1 200 OK"
2025-11-25 12:36:29,511 - httpx - INFO - HTTP Request: POST http://localhost:6333/collections/olmocr_documents/points/scroll "HTTP/1.1 200 OK"
2025-11-25 12:36:29,512 - httpx - INFO - HTTP Request: POST http://localhost:6333/collections/olmocr_documents/points/scroll "HTTP/1.1 200 OK"
2025-11-25 12:36:29,514 - httpx - INFO - HTTP Request: POST http://localhost:6333/collections/olmocr_documents/points/scroll "HTTP/1.1 200 OK"
2025-11-25 12:36:29,515 - httpx - INFO - HTTP Request: POST http://localhost:6333/collections/olmocr_documents/points/scroll "HTTP/1.1 200 OK"
2025-11-25 12:36:29,516 - httpx - INFO - HTTP Request: POST http://localhost:6333/collections/olmocr_documents/points/scroll "HTTP/1.1 200 OK"
2025-11-25 12:36:29,517 - httpx - INFO - HTTP Request: POST http://localhost:6333/collections/olmocr_documents/points/scroll "HTTP/1.1 200 OK"
2025-11-25 12:36:29,519 - httpx - INFO - HTTP Request: POST http://localhost:6333/collections/olmocr_documents/points/scroll "HTTP/1.1 200 OK"
2025-11-25 12:36:29,520 - httpx - INFO - HTTP Request: POST http://localhost:6333/collections/olmocr_documents/points/scroll "HTTP/1.1 200 OK"
2025-11-25 12:36:29,522 - httpx - INFO - HTTP Request: POST http://localhost:6333/collections/olmocr_documents/points/scroll "HTTP/1.1 200 OK"
2025-11-25 12:36:29,524 - httpx - INFO - HTTP Request: POST http://localhost:6333/collections/olmocr_documents/points/scroll "HTTP/1.1 200 OK"
2025-11-25 12:36:29,525 - httpx - INFO - HTTP Request: POST http://localhost:6333/collections/olmocr_documents/points/scroll "HTTP/1.1 200 OK"
2025-11-25 12:36:29,526 - httpx - INFO - HTTP Request: POST http://localhost:6333/collections/olmocr_documents/points/scroll "HTTP/1.1 200 OK"
2025-11-25 12:36:29,527 - httpx - INFO - HTTP Request: POST http://localhost:6333/collections/olmocr_documents/points/scroll "HTTP/1.1 200 OK"
2025-11-25 12:36:29,528 - httpx - INFO - HTTP Request: POST http://localhost:6333/collections/olmocr_documents/points/scroll "HTTP/1.1 200 OK"
2025-11-25 12:36:29,529 - httpx - INFO - HTTP Request: POST http://localhost:6333/collections/olmocr_documents/points/scroll "HTTP/1.1 200 OK"
2025-11-25 12:36:29,530 - httpx - INFO - HTTP Request: POST http://localhost:6333/collections/olmocr_documents/points/scroll "HTTP/1.1 200 OK"
2025-11-25 12:36:29,532 - httpx - INFO - HTTP Request: POST http://localhost:6333/collections/olmocr_documents/points/scroll "HTTP/1.1 200 OK"
2025-11-25 12:36:29,534 - httpx - INFO - HTTP Request: POST http://localhost:6333/collections/olmocr_documents/points/scroll "HTTP/1.1 200 OK"
2025-11-25 12:36:29,535 - httpx - INFO - HTTP Request: POST http://localhost:6333/collections/olmocr_documents/points/scroll "HTTP/1.1 200 OK"
2025-11-25 12:36:29,536 - httpx - INFO - HTTP Request: POST http://localhost:6333/collections/olmocr_documents/points/scroll "HTTP/1.1 200 OK"
2025-11-25 12:36:29,538 - httpx - INFO - HTTP Request: POST http://localhost:6333/collections/olmocr_documents/points/scroll "HTTP/1.1 200 OK"
2025-11-25 12:36:29,539 - httpx - INFO - HTTP Request: POST http://localhost:6333/collections/olmocr_documents/points/scroll "HTTP/1.1 200 OK"
2025-11-25 12:36:29,541 - httpx - INFO - HTTP Request: POST http://localhost:6333/collections/olmocr_documents/points/scroll "HTTP/1.1 200 OK"
2025-11-25 12:36:29,542 - httpx - INFO - HTTP Request: POST http://localhost:6333/collections/olmocr_documents/points/scroll "HTTP/1.1 200 OK"
2025-11-25 12:36:29,543 - httpx - INFO - HTTP Request: POST http://localhost:6333/collections/olmocr_documents/points/scroll "HTTP/1.1 200 OK"
2025-11-25 12:36:29,544 - httpx - INFO - HTTP Request: POST http://localhost:6333/collections/olmocr_documents/points/scroll "HTTP/1.1 200 OK"
2025-11-25 12:36:29,546 - httpx - INFO - HTTP Request: POST http://localhost:6333/collections/olmocr_documents/points/scroll "HTTP/1.1 200 OK"
2025-11-25 12:36:29,547 - httpx - INFO - HTTP Request: POST http://localhost:6333/collections/olmocr_documents/points/scroll "HTTP/1.1 200 OK"
2025-11-25 12:36:29,548 - httpx - INFO - HTTP Request: POST http://localhost:6333/collections/olmocr_documents/points/scroll "HTTP/1.1 200 OK"
2025-11-25 12:36:29,549 - httpx - INFO - HTTP Request: POST http://localhost:6333/collections/olmocr_documents/points/scroll "HTTP/1.1 200 OK"
2025-11-25 12:36:29,551 - httpx - INFO - HTTP Request: POST http://localhost:6333/collections/olmocr_documents/points/scroll "HTTP/1.1 200 OK"
2025-11-25 12:36:29,552 - httpx - INFO - HTTP Request: POST http://localhost:6333/collections/olmocr_documents/points/scroll "HTTP/1.1 200 OK"
2025-11-25 12:36:29,553 - httpx - INFO - HTTP Request: POST http://localhost:6333/collections/olmocr_documents/points/scroll "HTTP/1.1 200 OK"
2025-11-25 12:36:29,554 - httpx - INFO - HTTP Request: POST http://localhost:6333/collections/olmocr_documents/points/scroll "HTTP/1.1 200 OK"
2025-11-25 12:36:29,555 - httpx - INFO - HTTP Request: POST http://localhost:6333/collections/olmocr_documents/points/scroll "HTTP/1.1 200 OK"
2025-11-25 12:36:29,557 - httpx - INFO - HTTP Request: POST http://localhost:6333/collections/olmocr_documents/points/scroll "HTTP/1.1 200 OK"
2025-11-25 12:36:29,558 - httpx - INFO - HTTP Request: POST http://localhost:6333/collections/olmocr_documents/points/scroll "HTTP/1.1 200 OK"
2025-11-25 12:36:29,559 - httpx - INFO - HTTP Request: POST http://localhost:6333/collections/olmocr_documents/points/scroll "HTTP/1.1 200 OK"
2025-11-25 12:36:29,561 - httpx - INFO - HTTP Request: POST http://localhost:6333/collections/olmocr_documents/points/scroll "HTTP/1.1 200 OK"
2025-11-25 12:36:29,562 - httpx - INFO - HTTP Request: POST http://localhost:6333/collections/olmocr_documents/points/scroll "HTTP/1.1 200 OK"
2025-11-25 12:36:29,563 - httpx - INFO - HTTP Request: POST http://localhost:6333/collections/olmocr_documents/points/scroll "HTTP/1.1 200 OK"
2025-11-25 12:36:29,564 - httpx - INFO - HTTP Request: POST http://localhost:6333/collections/olmocr_documents/points/scroll "HTTP/1.1 200 OK"
2025-11-25 12:36:29,565 - httpx - INFO - HTTP Request: POST http://localhost:6333/collections/olmocr_documents/points/scroll "HTTP/1.1 200 OK"
2025-11-25 12:36:29,566 - httpx - INFO - HTTP Request: POST http://localhost:6333/collections/olmocr_documents/points/scroll "HTTP/1.1 200 OK"
2025-11-25 12:36:29,567 - httpx - INFO - HTTP Request: POST http://localhost:6333/collections/olmocr_documents/points/scroll "HTTP/1.1 200 OK"
2025-11-25 12:36:29,569 - httpx - INFO - HTTP Request: POST http://localhost:6333/collections/olmocr_documents/points/scroll "HTTP/1.1 200 OK"
2025-11-25 12:36:29,569 - httpx - INFO - HTTP Request: POST http://localhost:6333/collections/olmocr_documents/points/scroll "HTTP/1.1 200 OK"
2025-11-25 12:36:29,571 - httpx - INFO - HTTP Request: POST http://localhost:6333/collections/olmocr_documents/points/scroll "HTTP/1.1 200 OK"
2025-11-25 12:36:29,572 - httpx - INFO - HTTP Request: POST http://localhost:6333/collections/olmocr_documents/points/scroll "HTTP/1.1 200 OK"
2025-11-25 12:36:29,573 - httpx - INFO - HTTP Request: POST http://localhost:6333/collections/olmocr_documents/points/scroll "HTTP/1.1 200 OK"
2025-11-25 12:36:29,575 - httpx - INFO - HTTP Request: POST http://localhost:6333/collections/olmocr_documents/points/scroll "HTTP/1.1 200 OK"
2025-11-25 12:36:29,576 - httpx - INFO - HTTP Request: POST http://localhost:6333/collections/olmocr_documents/points/scroll "HTTP/1.1 200 OK"
2025-11-25 12:36:29,577 - httpx - INFO - HTTP Request: POST http://localhost:6333/collections/olmocr_documents/points/scroll "HTTP/1.1 200 OK"
2025-11-25 12:36:29,579 - httpx - INFO - HTTP Request: POST http://localhost:6333/collections/olmocr_documents/points/scroll "HTTP/1.1 200 OK"
2025-11-25 12:36:29,580 - httpx - INFO - HTTP Request: POST http://localhost:6333/collections/olmocr_documents/points/scroll "HTTP/1.1 200 OK"
2025-11-25 12:36:29,581 - httpx - INFO - HTTP Request: POST http://localhost:6333/collections/olmocr_documents/points/scroll "HTTP/1.1 200 OK"
2025-11-25 12:36:29,582 - httpx - INFO - HTTP Request: POST http://localhost:6333/collections/olmocr_documents/points/scroll "HTTP/1.1 200 OK"
2025-11-25 12:36:29,584 - httpx - INFO - HTTP Request: POST http://localhost:6333/collections/olmocr_documents/points/scroll "HTTP/1.1 200 OK"
2025-11-25 12:36:29,585 - httpx - INFO - HTTP Request: POST http://localhost:6333/collections/olmocr_documents/points/scroll "HTTP/1.1 200 OK"
2025-11-25 12:36:29,586 - httpx - INFO - HTTP Request: POST http://localhost:6333/collections/olmocr_documents/points/scroll "HTTP/1.1 200 OK"
2025-11-25 12:36:29,587 - httpx - INFO - HTTP Request: POST http://localhost:6333/collections/olmocr_documents/points/scroll "HTTP/1.1 200 OK"
2025-11-25 12:36:29,588 - httpx - INFO - HTTP Request: POST http://localhost:6333/collections/olmocr_documents/points/scroll "HTTP/1.1 200 OK"
2025-11-25 12:36:29,589 - httpx - INFO - HTTP Request: POST http://localhost:6333/collections/olmocr_documents/points/scroll "HTTP/1.1 200 OK"
2025-11-25 12:36:29,590 - httpx - INFO - HTTP Request: POST http://localhost:6333/collections/olmocr_documents/points/scroll "HTTP/1.1 200 OK"
2025-11-25 12:36:29,592 - httpx - INFO - HTTP Request: POST http://localhost:6333/collections/olmocr_documents/points/scroll "HTTP/1.1 200 OK"
2025-11-25 12:36:29,593 - httpx - INFO - HTTP Request: POST http://localhost:6333/collections/olmocr_documents/points/scroll "HTTP/1.1 200 OK"
2025-11-25 12:36:29,594 - httpx - INFO - HTTP Request: POST http://localhost:6333/collections/olmocr_documents/points/scroll "HTTP/1.1 200 OK"
2025-11-25 12:36:29,595 - httpx - INFO - HTTP Request: POST http://localhost:6333/collections/olmocr_documents/points/scroll "HTTP/1.1 200 OK"
2025-11-25 12:36:29,597 - httpx - INFO - HTTP Request: POST http://localhost:6333/collections/olmocr_documents/points/scroll "HTTP/1.1 200 OK"
2025-11-25 12:36:29,598 - httpx - INFO - HTTP Request: POST http://localhost:6333/collections/olmocr_documents/points/scroll "HTTP/1.1 200 OK"
2025-11-25 12:36:29,599 - httpx - INFO - HTTP Request: POST http://localhost:6333/collections/olmocr_documents/points/scroll "HTTP/1.1 200 OK"
2025-11-25 12:36:29,600 - httpx - INFO - HTTP Request: POST http://localhost:6333/collections/olmocr_documents/points/scroll "HTTP/1.1 200 OK"
2025-11-25 12:36:29,601 - httpx - INFO - HTTP Request: POST http://localhost:6333/collections/olmocr_documents/points/scroll "HTTP/1.1 200 OK"
2025-11-25 12:36:29,602 - httpx - INFO - HTTP Request: POST http://localhost:6333/collections/olmocr_documents/points/scroll "HTTP/1.1 200 OK"
2025-11-25 12:36:29,604 - httpx - INFO - HTTP Request: POST http://localhost:6333/collections/olmocr_documents/points/scroll "HTTP/1.1 200 OK"
2025-11-25 12:36:29,605 - httpx - INFO - HTTP Request: POST http://localhost:6333/collections/olmocr_documents/points/scroll "HTTP/1.1 200 OK"
2025-11-25 12:36:29,606 - httpx - INFO - HTTP Request: POST http://localhost:6333/collections/olmocr_documents/points/scroll "HTTP/1.1 200 OK"
2025-11-25 12:36:29,608 - httpx - INFO - HTTP Request: POST http://localhost:6333/collections/olmocr_documents/points/scroll "HTTP/1.1 200 OK"
2025-11-25 12:36:29,609 - httpx - INFO - HTTP Request: POST http://localhost:6333/collections/olmocr_documents/points/scroll "HTTP/1.1 200 OK"
2025-11-25 12:36:29,610 - httpx - INFO - HTTP Request: POST http://localhost:6333/collections/olmocr_documents/points/scroll "HTTP/1.1 200 OK"
2025-11-25 12:36:29,611 - httpx - INFO - HTTP Request: POST http://localhost:6333/collections/olmocr_documents/points/scroll "HTTP/1.1 200 OK"
2025-11-25 12:36:29,612 - httpx - INFO - HTTP Request: POST http://localhost:6333/collections/olmocr_documents/points/scroll "HTTP/1.1 200 OK"
2025-11-25 12:36:29,614 - httpx - INFO - HTTP Request: POST http://localhost:6333/collections/olmocr_documents/points/scroll "HTTP/1.1 200 OK"
2025-11-25 12:36:29,615 - httpx - INFO - HTTP Request: POST http://localhost:6333/collections/olmocr_documents/points/scroll "HTTP/1.1 200 OK"
2025-11-25 12:36:29,616 - httpx - INFO - HTTP Request: POST http://localhost:6333/collections/olmocr_documents/points/scroll "HTTP/1.1 200 OK"
2025-11-25 12:36:29,618 - httpx - INFO - HTTP Request: POST http://localhost:6333/collections/olmocr_documents/points/scroll "HTTP/1.1 200 OK"
2025-11-25 12:36:29,619 - httpx - INFO - HTTP Request: POST http://localhost:6333/collections/olmocr_documents/points/scroll "HTTP/1.1 200 OK"
2025-11-25 12:36:29,621 - httpx - INFO - HTTP Request: POST http://localhost:6333/collections/olmocr_documents/points/scroll "HTTP/1.1 200 OK"
2025-11-25 12:36:29,622 - httpx - INFO - HTTP Request: POST http://localhost:6333/collections/olmocr_documents/points/scroll "HTTP/1.1 200 OK"
2025-11-25 12:36:29,624 - httpx - INFO - HTTP Request: POST http://localhost:6333/collections/olmocr_documents/points/scroll "HTTP/1.1 200 OK"
2025-11-25 12:36:29,625 - httpx - INFO - HTTP Request: POST http://localhost:6333/collections/olmocr_documents/points/scroll "HTTP/1.1 200 OK"
2025-11-25 12:36:29,626 - httpx - INFO - HTTP Request: POST http://localhost:6333/collections/olmocr_documents/points/scroll "HTTP/1.1 200 OK"
2025-11-25 12:36:29,627 - httpx - INFO - HTTP Request: POST http://localhost:6333/collections/olmocr_documents/points/scroll "HTTP/1.1 200 OK"
2025-11-25 12:36:29,629 - httpx - INFO - HTTP Request: POST http://localhost:6333/collections/olmocr_documents/points/scroll "HTTP/1.1 200 OK"
2025-11-25 12:36:29,630 - httpx - INFO - HTTP Request: POST http://localhost:6333/collections/olmocr_documents/points/scroll "HTTP/1.1 200 OK"
2025-11-25 12:36:29,631 - httpx - INFO - HTTP Request: POST http://localhost:6333/collections/olmocr_documents/points/scroll "HTTP/1.1 200 OK"
2025-11-25 12:36:29,633 - httpx - INFO - HTTP Request: POST http://localhost:6333/collections/olmocr_documents/points/scroll "HTTP/1.1 200 OK"
2025-11-25 12:36:29,634 - httpx - INFO - HTTP Request: POST http://localhost:6333/collections/olmocr_documents/points/scroll "HTTP/1.1 200 OK"
2025-11-25 12:36:29,635 - httpx - INFO - HTTP Request: POST http://localhost:6333/collections/olmocr_documents/points/scroll "HTTP/1.1 200 OK"
2025-11-25 12:36:29,636 - httpx - INFO - HTTP Request: POST http://localhost:6333/collections/olmocr_documents/points/scroll "HTTP/1.1 200 OK"
2025-11-25 12:36:29,637 - httpx - INFO - HTTP Request: POST http://localhost:6333/collections/olmocr_documents/points/scroll "HTTP/1.1 200 OK"
2025-11-25 12:36:29,639 - httpx - INFO - HTTP Request: POST http://localhost:6333/collections/olmocr_documents/points/scroll "HTTP/1.1 200 OK"
2025-11-25 12:36:29,641 - httpx - INFO - HTTP Request: POST http://localhost:6333/collections/olmocr_documents/points/scroll "HTTP/1.1 200 OK"
2025-11-25 12:36:29,642 - httpx - INFO - HTTP Request: POST http://localhost:6333/collections/olmocr_documents/points/scroll "HTTP/1.1 200 OK"
2025-11-25 12:36:29,644 - httpx - INFO - HTTP Request: POST http://localhost:6333/collections/olmocr_documents/points/scroll "HTTP/1.1 200 OK"
2025-11-25 12:36:29,645 - httpx - INFO - HTTP Request: POST http://localhost:6333/collections/olmocr_documents/points/scroll "HTTP/1.1 200 OK"
2025-11-25 12:36:29,647 - httpx - INFO - HTTP Request: POST http://localhost:6333/collections/olmocr_documents/points/scroll "HTTP/1.1 200 OK"
2025-11-25 12:36:29,649 - httpx - INFO - HTTP Request: POST http://localhost:6333/collections/olmocr_documents/points/scroll "HTTP/1.1 200 OK"
2025-11-25 12:36:29,650 - httpx - INFO - HTTP Request: POST http://localhost:6333/collections/olmocr_documents/points/scroll "HTTP/1.1 200 OK"
2025-11-25 12:36:29,652 - httpx - INFO - HTTP Request: POST http://localhost:6333/collections/olmocr_documents/points/scroll "HTTP/1.1 200 OK"
2025-11-25 12:36:29,653 - httpx - INFO - HTTP Request: POST http://localhost:6333/collections/olmocr_documents/points/scroll "HTTP/1.1 200 OK"
2025-11-25 12:36:29,655 - httpx - INFO - HTTP Request: POST http://localhost:6333/collections/olmocr_documents/points/scroll "HTTP/1.1 200 OK"
2025-11-25 12:36:29,656 - httpx - INFO - HTTP Request: POST http://localhost:6333/collections/olmocr_documents/points/scroll "HTTP/1.1 200 OK"
2025-11-25 12:36:29,658 - httpx - INFO - HTTP Request: POST http://localhost:6333/collections/olmocr_documents/points/scroll "HTTP/1.1 200 OK"
2025-11-25 12:36:29,660 - httpx - INFO - HTTP Request: POST http://localhost:6333/collections/olmocr_documents/points/scroll "HTTP/1.1 200 OK"
2025-11-25 12:36:29,661 - httpx - INFO - HTTP Request: POST http://localhost:6333/collections/olmocr_documents/points/scroll "HTTP/1.1 200 OK"
2025-11-25 12:36:29,662 - httpx - INFO - HTTP Request: POST http://localhost:6333/collections/olmocr_documents/points/scroll "HTTP/1.1 200 OK"
2025-11-25 12:36:29,664 - httpx - INFO - HTTP Request: POST http://localhost:6333/collections/olmocr_documents/points/scroll "HTTP/1.1 200 OK"
2025-11-25 12:36:29,665 - httpx - INFO - HTTP Request: POST http://localhost:6333/collections/olmocr_documents/points/scroll "HTTP/1.1 200 OK"
2025-11-25 12:36:29,667 - httpx - INFO - HTTP Request: POST http://localhost:6333/collections/olmocr_documents/points/scroll "HTTP/1.1 200 OK"
2025-11-25 12:36:29,668 - httpx - INFO - HTTP Request: POST http://localhost:6333/collections/olmocr_documents/points/scroll "HTTP/1.1 200 OK"
2025-11-25 12:36:29,670 - httpx - INFO - HTTP Request: POST http://localhost:6333/collections/olmocr_documents/points/scroll "HTTP/1.1 200 OK"
2025-11-25 12:36:29,672 - httpx - INFO - HTTP Request: POST http://localhost:6333/collections/olmocr_documents/points/scroll "HTTP/1.1 200 OK"
2025-11-25 12:36:29,674 - httpx - INFO - HTTP Request: POST http://localhost:6333/collections/olmocr_documents/points/scroll "HTTP/1.1 200 OK"
2025-11-25 12:36:29,675 - httpx - INFO - HTTP Request: POST http://localhost:6333/collections/olmocr_documents/points/scroll "HTTP/1.1 200 OK"
2025-11-25 12:36:29,677 - httpx - INFO - HTTP Request: POST http://localhost:6333/collections/olmocr_documents/points/scroll "HTTP/1.1 200 OK"
2025-11-25 12:36:29,679 - httpx - INFO - HTTP Request: POST http://localhost:6333/collections/olmocr_documents/points/scroll "HTTP/1.1 200 OK"
2025-11-25 12:36:29,681 - httpx - INFO - HTTP Request: POST http://localhost:6333/collections/olmocr_documents/points/scroll "HTTP/1.1 200 OK"
2025-11-25 12:36:29,682 - httpx - INFO - HTTP Request: POST http://localhost:6333/collections/olmocr_documents/points/scroll "HTTP/1.1 200 OK"
2025-11-25 12:36:29,684 - httpx - INFO - HTTP Request: POST http://localhost:6333/collections/olmocr_documents/points/scroll "HTTP/1.1 200 OK"
2025-11-25 12:36:29,685 - httpx - INFO - HTTP Request: POST http://localhost:6333/collections/olmocr_documents/points/scroll "HTTP/1.1 200 OK"
2025-11-25 12:36:29,686 - httpx - INFO - HTTP Request: POST http://localhost:6333/collections/olmocr_documents/points/scroll "HTTP/1.1 200 OK"
2025-11-25 12:36:29,687 - httpx - INFO - HTTP Request: POST http://localhost:6333/collections/olmocr_documents/points/scroll "HTTP/1.1 200 OK"
2025-11-25 12:36:29,688 - httpx - INFO - HTTP Request: POST http://localhost:6333/collections/olmocr_documents/points/scroll "HTTP/1.1 200 OK"
2025-11-25 12:36:29,689 - httpx - INFO - HTTP Request: POST http://localhost:6333/collections/olmocr_documents/points/scroll "HTTP/1.1 200 OK"
2025-11-25 12:36:29,690 - httpx - INFO - HTTP Request: POST http://localhost:6333/collections/olmocr_documents/points/scroll "HTTP/1.1 200 OK"
2025-11-25 12:36:29,691 - httpx - INFO - HTTP Request: POST http://localhost:6333/collections/olmocr_documents/points/scroll "HTTP/1.1 200 OK"
2025-11-25 12:36:29,692 - httpx - INFO - HTTP Request: POST http://localhost:6333/collections/olmocr_documents/points/scroll "HTTP/1.1 200 OK"
2025-11-25 12:36:29,693 - httpx - INFO - HTTP Request: POST http://localhost:6333/collections/olmocr_documents/points/scroll "HTTP/1.1 200 OK"
2025-11-25 12:36:29,694 - httpx - INFO - HTTP Request: POST http://localhost:6333/collections/olmocr_documents/points/scroll "HTTP/1.1 200 OK"
2025-11-25 12:36:29,696 - httpx - INFO - HTTP Request: POST http://localhost:6333/collections/olmocr_documents/points/scroll "HTTP/1.1 200 OK"
2025-11-25 12:36:29,697 - httpx - INFO - HTTP Request: POST http://localhost:6333/collections/olmocr_documents/points/scroll "HTTP/1.1 200 OK"
2025-11-25 12:36:29,698 - httpx - INFO - HTTP Request: POST http://localhost:6333/collections/olmocr_documents/points/scroll "HTTP/1.1 200 OK"
2025-11-25 12:36:29,699 - httpx - INFO - HTTP Request: POST http://localhost:6333/collections/olmocr_documents/points/scroll "HTTP/1.1 200 OK"
2025-11-25 12:36:29,701 - httpx - INFO - HTTP Request: POST http://localhost:6333/collections/olmocr_documents/points/scroll "HTTP/1.1 200 OK"
2025-11-25 12:36:29,702 - httpx - INFO - HTTP Request: POST http://localhost:6333/collections/olmocr_documents/points/scroll "HTTP/1.1 200 OK"
2025-11-25 12:36:29,703 - httpx - INFO - HTTP Request: POST http://localhost:6333/collections/olmocr_documents/points/scroll "HTTP/1.1 200 OK"
2025-11-25 12:36:29,704 - httpx - INFO - HTTP Request: POST http://localhost:6333/collections/olmocr_documents/points/scroll "HTTP/1.1 200 OK"
2025-11-25 12:36:29,706 - httpx - INFO - HTTP Request: POST http://localhost:6333/collections/olmocr_documents/points/scroll "HTTP/1.1 200 OK"
2025-11-25 12:36:29,707 - httpx - INFO - HTTP Request: POST http://localhost:6333/collections/olmocr_documents/points/scroll "HTTP/1.1 200 OK"
2025-11-25 12:36:29,708 - httpx - INFO - HTTP Request: POST http://localhost:6333/collections/olmocr_documents/points/scroll "HTTP/1.1 200 OK"
2025-11-25 12:36:29,709 - httpx - INFO - HTTP Request: POST http://localhost:6333/collections/olmocr_documents/points/scroll "HTTP/1.1 200 OK"
2025-11-25 12:36:29,711 - httpx - INFO - HTTP Request: POST http://localhost:6333/collections/olmocr_documents/points/scroll "HTTP/1.1 200 OK"
2025-11-25 12:36:29,712 - httpx - INFO - HTTP Request: POST http://localhost:6333/collections/olmocr_documents/points/scroll "HTTP/1.1 200 OK"
2025-11-25 12:36:29,714 - httpx - INFO - HTTP Request: POST http://localhost:6333/collections/olmocr_documents/points/scroll "HTTP/1.1 200 OK"
2025-11-25 12:36:29,715 - httpx - INFO - HTTP Request: POST http://localhost:6333/collections/olmocr_documents/points/scroll "HTTP/1.1 200 OK"
2025-11-25 12:36:29,716 - httpx - INFO - HTTP Request: POST http://localhost:6333/collections/olmocr_documents/points/scroll "HTTP/1.1 200 OK"
2025-11-25 12:36:29,717 - httpx - INFO - HTTP Request: POST http://localhost:6333/collections/olmocr_documents/points/scroll "HTTP/1.1 200 OK"
2025-11-25 12:36:29,718 - httpx - INFO - HTTP Request: POST http://localhost:6333/collections/olmocr_documents/points/scroll "HTTP/1.1 200 OK"
2025-11-25 12:36:29,720 - httpx - INFO - HTTP Request: POST http://localhost:6333/collections/olmocr_documents/points/scroll "HTTP/1.1 200 OK"
2025-11-25 12:36:29,721 - httpx - INFO - HTTP Request: POST http://localhost:6333/collections/olmocr_documents/points/scroll "HTTP/1.1 200 OK"
2025-11-25 12:36:29,722 - httpx - INFO - HTTP Request: POST http://localhost:6333/collections/olmocr_documents/points/scroll "HTTP/1.1 200 OK"
2025-11-25 12:36:29,723 - httpx - INFO - HTTP Request: POST http://localhost:6333/collections/olmocr_documents/points/scroll "HTTP/1.1 200 OK"
2025-11-25 12:36:29,724 - httpx - INFO - HTTP Request: POST http://localhost:6333/collections/olmocr_documents/points/scroll "HTTP/1.1 200 OK"
2025-11-25 12:36:29,725 - httpx - INFO - HTTP Request: POST http://localhost:6333/collections/olmocr_documents/points/scroll "HTTP/1.1 200 OK"
2025-11-25 12:36:29,726 - httpx - INFO - HTTP Request: POST http://localhost:6333/collections/olmocr_documents/points/scroll "HTTP/1.1 200 OK"
2025-11-25 12:36:29,727 - httpx - INFO - HTTP Request: POST http://localhost:6333/collections/olmocr_documents/points/scroll "HTTP/1.1 200 OK"
2025-11-25 12:36:29,728 - httpx - INFO - HTTP Request: POST http://localhost:6333/collections/olmocr_documents/points/scroll "HTTP/1.1 200 OK"
2025-11-25 12:36:29,730 - httpx - INFO - HTTP Request: POST http://localhost:6333/collections/olmocr_documents/points/scroll "HTTP/1.1 200 OK"
2025-11-25 12:36:29,731 - httpx - INFO - HTTP Request: POST http://localhost:6333/collections/olmocr_documents/points/scroll "HTTP/1.1 200 OK"
2025-11-25 12:36:29,732 - httpx - INFO - HTTP Request: POST http://localhost:6333/collections/olmocr_documents/points/scroll "HTTP/1.1 200 OK"
2025-11-25 12:36:29,733 - httpx - INFO - HTTP Request: POST http://localhost:6333/collections/olmocr_documents/points/scroll "HTTP/1.1 200 OK"
2025-11-25 12:36:29,734 - httpx - INFO - HTTP Request: POST http://localhost:6333/collections/olmocr_documents/points/scroll "HTTP/1.1 200 OK"
2025-11-25 12:36:29,735 - httpx - INFO - HTTP Request: POST http://localhost:6333/collections/olmocr_documents/points/scroll "HTTP/1.1 200 OK"
2025-11-25 12:36:29,736 - httpx - INFO - HTTP Request: POST http://localhost:6333/collections/olmocr_documents/points/scroll "HTTP/1.1 200 OK"
2025-11-25 12:36:29,738 - httpx - INFO - HTTP Request: POST http://localhost:6333/collections/olmocr_documents/points/scroll "HTTP/1.1 200 OK"
2025-11-25 12:36:29,739 - httpx - INFO - HTTP Request: POST http://localhost:6333/collections/olmocr_documents/points/scroll "HTTP/1.1 200 OK"
2025-11-25 12:36:29,740 - httpx - INFO - HTTP Request: POST http://localhost:6333/collections/olmocr_documents/points/scroll "HTTP/1.1 200 OK"
2025-11-25 12:36:29,741 - httpx - INFO - HTTP Request: POST http://localhost:6333/collections/olmocr_documents/points/scroll "HTTP/1.1 200 OK"
2025-11-25 12:36:29,742 - httpx - INFO - HTTP Request: POST http://localhost:6333/collections/olmocr_documents/points/scroll "HTTP/1.1 200 OK"
2025-11-25 12:36:29,743 - httpx - INFO - HTTP Request: POST http://localhost:6333/collections/olmocr_documents/points/scroll "HTTP/1.1 200 OK"
2025-11-25 12:36:29,744 - httpx - INFO - HTTP Request: POST http://localhost:6333/collections/olmocr_documents/points/scroll "HTTP/1.1 200 OK"
2025-11-25 12:36:29,745 - httpx - INFO - HTTP Request: POST http://localhost:6333/collections/olmocr_documents/points/scroll "HTTP/1.1 200 OK"
2025-11-25 12:36:29,746 - httpx - INFO - HTTP Request: POST http://localhost:6333/collections/olmocr_documents/points/scroll "HTTP/1.1 200 OK"
2025-11-25 12:36:29,747 - httpx - INFO - HTTP Request: POST http://localhost:6333/collections/olmocr_documents/points/scroll "HTTP/1.1 200 OK"
2025-11-25 12:36:29,749 - httpx - INFO - HTTP Request: POST http://localhost:6333/collections/olmocr_documents/points/scroll "HTTP/1.1 200 OK"
2025-11-25 12:36:29,750 - httpx - INFO - HTTP Request: POST http://localhost:6333/collections/olmocr_documents/points/scroll "HTTP/1.1 200 OK"
2025-11-25 12:36:29,751 - httpx - INFO - HTTP Request: POST http://localhost:6333/collections/olmocr_documents/points/scroll "HTTP/1.1 200 OK"
2025-11-25 12:36:29,753 - httpx - INFO - HTTP Request: POST http://localhost:6333/collections/olmocr_documents/points/scroll "HTTP/1.1 200 OK"
2025-11-25 12:36:29,754 - httpx - INFO - HTTP Request: POST http://localhost:6333/collections/olmocr_documents/points/scroll "HTTP/1.1 200 OK"
2025-11-25 12:36:29,755 - httpx - INFO - HTTP Request: POST http://localhost:6333/collections/olmocr_documents/points/scroll "HTTP/1.1 200 OK"
2025-11-25 12:36:29,756 - httpx - INFO - HTTP Request: POST http://localhost:6333/collections/olmocr_documents/points/scroll "HTTP/1.1 200 OK"
2025-11-25 12:36:29,757 - httpx - INFO - HTTP Request: POST http://localhost:6333/collections/olmocr_documents/points/scroll "HTTP/1.1 200 OK"
2025-11-25 12:36:29,758 - httpx - INFO - HTTP Request: POST http://localhost:6333/collections/olmocr_documents/points/scroll "HTTP/1.1 200 OK"
2025-11-25 12:36:29,759 - httpx - INFO - HTTP Request: POST http://localhost:6333/collections/olmocr_documents/points/scroll "HTTP/1.1 200 OK"
2025-11-25 12:36:29,760 - httpx - INFO - HTTP Request: POST http://localhost:6333/collections/olmocr_documents/points/scroll "HTTP/1.1 200 OK"
2025-11-25 12:36:29,761 - httpx - INFO - HTTP Request: POST http://localhost:6333/collections/olmocr_documents/points/scroll "HTTP/1.1 200 OK"
2025-11-25 12:36:29,762 - httpx - INFO - HTTP Request: POST http://localhost:6333/collections/olmocr_documents/points/scroll "HTTP/1.1 200 OK"
2025-11-25 12:36:29,763 - httpx - INFO - HTTP Request: POST http://localhost:6333/collections/olmocr_documents/points/scroll "HTTP/1.1 200 OK"
2025-11-25 12:36:29,764 - httpx - INFO - HTTP Request: POST http://localhost:6333/collections/olmocr_documents/points/scroll "HTTP/1.1 200 OK"
2025-11-25 12:36:29,765 - httpx - INFO - HTTP Request: POST http://localhost:6333/collections/olmocr_documents/points/scroll "HTTP/1.1 200 OK"
2025-11-25 12:36:29,766 - httpx - INFO - HTTP Request: POST http://localhost:6333/collections/olmocr_documents/points/scroll "HTTP/1.1 200 OK"
2025-11-25 12:36:29,767 - httpx - INFO - HTTP Request: POST http://localhost:6333/collections/olmocr_documents/points/scroll "HTTP/1.1 200 OK"
2025-11-25 12:36:29,768 - httpx - INFO - HTTP Request: POST http://localhost:6333/collections/olmocr_documents/points/scroll "HTTP/1.1 200 OK"
2025-11-25 12:36:29,769 - httpx - INFO - HTTP Request: POST http://localhost:6333/collections/olmocr_documents/points/scroll "HTTP/1.1 200 OK"
2025-11-25 12:36:29,771 - httpx - INFO - HTTP Request: POST http://localhost:6333/collections/olmocr_documents/points/scroll "HTTP/1.1 200 OK"
2025-11-25 12:36:29,772 - httpx - INFO - HTTP Request: POST http://localhost:6333/collections/olmocr_documents/points/scroll "HTTP/1.1 200 OK"
2025-11-25 12:36:29,773 - httpx - INFO - HTTP Request: POST http://localhost:6333/collections/olmocr_documents/points/scroll "HTTP/1.1 200 OK"
2025-11-25 12:36:29,774 - httpx - INFO - HTTP Request: POST http://localhost:6333/collections/olmocr_documents/points/scroll "HTTP/1.1 200 OK"
2025-11-25 12:36:29,775 - httpx - INFO - HTTP Request: POST http://localhost:6333/collections/olmocr_documents/points/scroll "HTTP/1.1 200 OK"
2025-11-25 12:36:29,776 - httpx - INFO - HTTP Request: POST http://localhost:6333/collections/olmocr_documents/points/scroll "HTTP/1.1 200 OK"
2025-11-25 12:36:29,778 - httpx - INFO - HTTP Request: POST http://localhost:6333/collections/olmocr_documents/points/scroll "HTTP/1.1 200 OK"
2025-11-25 12:36:29,779 - httpx - INFO - HTTP Request: POST http://localhost:6333/collections/olmocr_documents/points/scroll "HTTP/1.1 200 OK"
2025-11-25 12:36:29,780 - httpx - INFO - HTTP Request: POST http://localhost:6333/collections/olmocr_documents/points/scroll "HTTP/1.1 200 OK"
2025-11-25 12:36:29,781 - httpx - INFO - HTTP Request: POST http://localhost:6333/collections/olmocr_documents/points/scroll "HTTP/1.1 200 OK"
2025-11-25 12:36:29,782 - httpx - INFO - HTTP Request: POST http://localhost:6333/collections/olmocr_documents/points/scroll "HTTP/1.1 200 OK"
2025-11-25 12:36:29,783 - httpx - INFO - HTTP Request: POST http://localhost:6333/collections/olmocr_documents/points/scroll "HTTP/1.1 200 OK"
2025-11-25 12:36:29,784 - httpx - INFO - HTTP Request: POST http://localhost:6333/collections/olmocr_documents/points/scroll "HTTP/1.1 200 OK"
2025-11-25 12:36:29,785 - httpx - INFO - HTTP Request: POST http://localhost:6333/collections/olmocr_documents/points/scroll "HTTP/1.1 200 OK"
2025-11-25 12:36:29,786 - httpx - INFO - HTTP Request: POST http://localhost:6333/collections/olmocr_documents/points/scroll "HTTP/1.1 200 OK"
2025-11-25 12:36:29,787 - httpx - INFO - HTTP Request: POST http://localhost:6333/collections/olmocr_documents/points/scroll "HTTP/1.1 200 OK"
2025-11-25 12:36:29,788 - httpx - INFO - HTTP Request: POST http://localhost:6333/collections/olmocr_documents/points/scroll "HTTP/1.1 200 OK"
2025-11-25 12:36:29,789 - httpx - INFO - HTTP Request: POST http://localhost:6333/collections/olmocr_documents/points/scroll "HTTP/1.1 200 OK"
2025-11-25 12:36:29,791 - httpx - INFO - HTTP Request: POST http://localhost:6333/collections/olmocr_documents/points/scroll "HTTP/1.1 200 OK"
2025-11-25 12:36:29,792 - httpx - INFO - HTTP Request: POST http://localhost:6333/collections/olmocr_documents/points/scroll "HTTP/1.1 200 OK"
2025-11-25 12:36:29,793 - httpx - INFO - HTTP Request: POST http://localhost:6333/collections/olmocr_documents/points/scroll "HTTP/1.1 200 OK"
2025-11-25 12:36:29,794 - httpx - INFO - HTTP Request: POST http://localhost:6333/collections/olmocr_documents/points/scroll "HTTP/1.1 200 OK"
2025-11-25 12:36:29,795 - httpx - INFO - HTTP Request: POST http://localhost:6333/collections/olmocr_documents/points/scroll "HTTP/1.1 200 OK"
2025-11-25 12:36:29,796 - httpx - INFO - HTTP Request: POST http://localhost:6333/collections/olmocr_documents/points/scroll "HTTP/1.1 200 OK"
2025-11-25 12:36:29,797 - httpx - INFO - HTTP Request: POST http://localhost:6333/collections/olmocr_documents/points/scroll "HTTP/1.1 200 OK"
2025-11-25 12:36:29,799 - httpx - INFO - HTTP Request: POST http://localhost:6333/collections/olmocr_documents/points/scroll "HTTP/1.1 200 OK"
2025-11-25 12:36:29,800 - httpx - INFO - HTTP Request: POST http://localhost:6333/collections/olmocr_documents/points/scroll "HTTP/1.1 200 OK"
2025-11-25 12:36:29,801 - httpx - INFO - HTTP Request: POST http://localhost:6333/collections/olmocr_documents/points/scroll "HTTP/1.1 200 OK"
2025-11-25 12:36:29,803 - httpx - INFO - HTTP Request: POST http://localhost:6333/collections/olmocr_documents/points/scroll "HTTP/1.1 200 OK"
2025-11-25 12:36:29,804 - httpx - INFO - HTTP Request: POST http://localhost:6333/collections/olmocr_documents/points/scroll "HTTP/1.1 200 OK"
2025-11-25 12:36:29,805 - httpx - INFO - HTTP Request: POST http://localhost:6333/collections/olmocr_documents/points/scroll "HTTP/1.1 200 OK"
2025-11-25 12:36:29,806 - httpx - INFO - HTTP Request: POST http://localhost:6333/collections/olmocr_documents/points/scroll "HTTP/1.1 200 OK"
2025-11-25 12:36:29,807 - httpx - INFO - HTTP Request: POST http://localhost:6333/collections/olmocr_documents/points/scroll "HTTP/1.1 200 OK"
2025-11-25 12:36:29,808 - httpx - INFO - HTTP Request: POST http://localhost:6333/collections/olmocr_documents/points/scroll "HTTP/1.1 200 OK"
2025-11-25 12:36:29,809 - httpx - INFO - HTTP Request: POST http://localhost:6333/collections/olmocr_documents/points/scroll "HTTP/1.1 200 OK"
2025-11-25 12:36:29,810 - httpx - INFO - HTTP Request: POST http://localhost:6333/collections/olmocr_documents/points/scroll "HTTP/1.1 200 OK"
2025-11-25 12:36:29,811 - httpx - INFO - HTTP Request: POST http://localhost:6333/collections/olmocr_documents/points/scroll "HTTP/1.1 200 OK"
2025-11-25 12:36:29,812 - httpx - INFO - HTTP Request: POST http://localhost:6333/collections/olmocr_documents/points/scroll "HTTP/1.1 200 OK"
2025-11-25 12:36:29,813 - httpx - INFO - HTTP Request: POST http://localhost:6333/collections/olmocr_documents/points/scroll "HTTP/1.1 200 OK"
2025-11-25 12:36:29,814 - httpx - INFO - HTTP Request: POST http://localhost:6333/collections/olmocr_documents/points/scroll "HTTP/1.1 200 OK"
2025-11-25 12:36:29,816 - httpx - INFO - HTTP Request: POST http://localhost:6333/collections/olmocr_documents/points/scroll "HTTP/1.1 200 OK"
2025-11-25 12:36:29,817 - httpx - INFO - HTTP Request: POST http://localhost:6333/collections/olmocr_documents/points/scroll "HTTP/1.1 200 OK"
2025-11-25 12:36:29,818 - httpx - INFO - HTTP Request: POST http://localhost:6333/collections/olmocr_documents/points/scroll "HTTP/1.1 200 OK"
2025-11-25 12:36:29,819 - httpx - INFO - HTTP Request: POST http://localhost:6333/collections/olmocr_documents/points/scroll "HTTP/1.1 200 OK"
2025-11-25 12:36:29,821 - httpx - INFO - HTTP Request: POST http://localhost:6333/collections/olmocr_documents/points/scroll "HTTP/1.1 200 OK"
2025-11-25 12:36:29,822 - httpx - INFO - HTTP Request: POST http://localhost:6333/collections/olmocr_documents/points/scroll "HTTP/1.1 200 OK"
2025-11-25 12:36:29,823 - httpx - INFO - HTTP Request: POST http://localhost:6333/collections/olmocr_documents/points/scroll "HTTP/1.1 200 OK"
2025-11-25 12:36:29,824 - httpx - INFO - HTTP Request: POST http://localhost:6333/collections/olmocr_documents/points/scroll "HTTP/1.1 200 OK"
2025-11-25 12:36:29,825 - httpx - INFO - HTTP Request: POST http://localhost:6333/collections/olmocr_documents/points/scroll "HTTP/1.1 200 OK"
2025-11-25 12:36:29,827 - httpx - INFO - HTTP Request: POST http://localhost:6333/collections/olmocr_documents/points/scroll "HTTP/1.1 200 OK"
2025-11-25 12:36:29,828 - httpx - INFO - HTTP Request: POST http://localhost:6333/collections/olmocr_documents/points/scroll "HTTP/1.1 200 OK"
2025-11-25 12:36:29,829 - httpx - INFO - HTTP Request: POST http://localhost:6333/collections/olmocr_documents/points/scroll "HTTP/1.1 200 OK"
2025-11-25 12:36:29,830 - httpx - INFO - HTTP Request: POST http://localhost:6333/collections/olmocr_documents/points/scroll "HTTP/1.1 200 OK"
2025-11-25 12:36:29,832 - httpx - INFO - HTTP Request: POST http://localhost:6333/collections/olmocr_documents/points/scroll "HTTP/1.1 200 OK"
2025-11-25 12:36:29,834 - httpx - INFO - HTTP Request: POST http://localhost:6333/collections/olmocr_documents/points/scroll "HTTP/1.1 200 OK"
2025-11-25 12:36:29,835 - httpx - INFO - HTTP Request: POST http://localhost:6333/collections/olmocr_documents/points/scroll "HTTP/1.1 200 OK"
2025-11-25 12:36:29,836 - httpx - INFO - HTTP Request: POST http://localhost:6333/collections/olmocr_documents/points/scroll "HTTP/1.1 200 OK"
2025-11-25 12:36:29,837 - httpx - INFO - HTTP Request: POST http://localhost:6333/collections/olmocr_documents/points/scroll "HTTP/1.1 200 OK"
2025-11-25 12:36:29,838 - httpx - INFO - HTTP Request: POST http://localhost:6333/collections/olmocr_documents/points/scroll "HTTP/1.1 200 OK"
2025-11-25 12:36:29,840 - httpx - INFO - HTTP Request: POST http://localhost:6333/collections/olmocr_documents/points/scroll "HTTP/1.1 200 OK"
2025-11-25 12:36:29,841 - httpx - INFO - HTTP Request: POST http://localhost:6333/collections/olmocr_documents/points/scroll "HTTP/1.1 200 OK"
2025-11-25 12:36:29,842 - httpx - INFO - HTTP Request: POST http://localhost:6333/collections/olmocr_documents/points/scroll "HTTP/1.1 200 OK"
2025-11-25 12:36:29,844 - httpx - INFO - HTTP Request: POST http://localhost:6333/collections/olmocr_documents/points/scroll "HTTP/1.1 200 OK"
2025-11-25 12:36:29,845 - httpx - INFO - HTTP Request: POST http://localhost:6333/collections/olmocr_documents/points/scroll "HTTP/1.1 200 OK"
2025-11-25 12:36:29,846 - httpx - INFO - HTTP Request: POST http://localhost:6333/collections/olmocr_documents/points/scroll "HTTP/1.1 200 OK"
2025-11-25 12:36:29,847 - httpx - INFO - HTTP Request: POST http://localhost:6333/collections/olmocr_documents/points/scroll "HTTP/1.1 200 OK"
2025-11-25 12:36:29,848 - httpx - INFO - HTTP Request: POST http://localhost:6333/collections/olmocr_documents/points/scroll "HTTP/1.1 200 OK"
2025-11-25 12:36:29,849 - httpx - INFO - HTTP Request: POST http://localhost:6333/collections/olmocr_documents/points/scroll "HTTP/1.1 200 OK"
2025-11-25 12:36:29,851 - httpx - INFO - HTTP Request: POST http://localhost:6333/collections/olmocr_documents/points/scroll "HTTP/1.1 200 OK"
2025-11-25 12:36:29,853 - httpx - INFO - HTTP Request: POST http://localhost:6333/collections/olmocr_documents/points/scroll "HTTP/1.1 200 OK"
2025-11-25 12:36:29,855 - httpx - INFO - HTTP Request: POST http://localhost:6333/collections/olmocr_documents/points/scroll "HTTP/1.1 200 OK"
2025-11-25 12:36:29,856 - httpx - INFO - HTTP Request: POST http://localhost:6333/collections/olmocr_documents/points/scroll "HTTP/1.1 200 OK"
2025-11-25 12:36:29,857 - httpx - INFO - HTTP Request: POST http://localhost:6333/collections/olmocr_documents/points/scroll "HTTP/1.1 200 OK"
2025-11-25 12:36:29,858 - httpx - INFO - HTTP Request: POST http://localhost:6333/collections/olmocr_documents/points/scroll "HTTP/1.1 200 OK"
2025-11-25 12:36:29,860 - httpx - INFO - HTTP Request: POST http://localhost:6333/collections/olmocr_documents/points/scroll "HTTP/1.1 200 OK"
2025-11-25 12:36:29,861 - httpx - INFO - HTTP Request: POST http://localhost:6333/collections/olmocr_documents/points/scroll "HTTP/1.1 200 OK"
2025-11-25 12:36:29,862 - httpx - INFO - HTTP Request: POST http://localhost:6333/collections/olmocr_documents/points/scroll "HTTP/1.1 200 OK"
2025-11-25 12:36:29,863 - httpx - INFO - HTTP Request: POST http://localhost:6333/collections/olmocr_documents/points/scroll "HTTP/1.1 200 OK"
2025-11-25 12:36:29,864 - httpx - INFO - HTTP Request: POST http://localhost:6333/collections/olmocr_documents/points/scroll "HTTP/1.1 200 OK"
2025-11-25 12:36:29,865 - httpx - INFO - HTTP Request: POST http://localhost:6333/collections/olmocr_documents/points/scroll "HTTP/1.1 200 OK"
2025-11-25 12:36:29,866 - httpx - INFO - HTTP Request: POST http://localhost:6333/collections/olmocr_documents/points/scroll "HTTP/1.1 200 OK"
2025-11-25 12:36:29,867 - httpx - INFO - HTTP Request: POST http://localhost:6333/collections/olmocr_documents/points/scroll "HTTP/1.1 200 OK"
2025-11-25 12:36:29,869 - httpx - INFO - HTTP Request: POST http://localhost:6333/collections/olmocr_documents/points/scroll "HTTP/1.1 200 OK"
2025-11-25 12:36:29,870 - httpx - INFO - HTTP Request: POST http://localhost:6333/collections/olmocr_documents/points/scroll "HTTP/1.1 200 OK"
2025-11-25 12:36:29,871 - httpx - INFO - HTTP Request: POST http://localhost:6333/collections/olmocr_documents/points/scroll "HTTP/1.1 200 OK"
2025-11-25 12:36:29,873 - httpx - INFO - HTTP Request: POST http://localhost:6333/collections/olmocr_documents/points/scroll "HTTP/1.1 200 OK"
2025-11-25 12:36:29,874 - httpx - INFO - HTTP Request: POST http://localhost:6333/collections/olmocr_documents/points/scroll "HTTP/1.1 200 OK"
2025-11-25 12:36:29,875 - httpx - INFO - HTTP Request: POST http://localhost:6333/collections/olmocr_documents/points/scroll "HTTP/1.1 200 OK"
2025-11-25 12:36:29,877 - httpx - INFO - HTTP Request: POST http://localhost:6333/collections/olmocr_documents/points/scroll "HTTP/1.1 200 OK"
2025-11-25 12:36:29,878 - httpx - INFO - HTTP Request: POST http://localhost:6333/collections/olmocr_documents/points/scroll "HTTP/1.1 200 OK"
2025-11-25 12:36:29,880 - httpx - INFO - HTTP Request: POST http://localhost:6333/collections/olmocr_documents/points/scroll "HTTP/1.1 200 OK"
2025-11-25 12:36:29,881 - httpx - INFO - HTTP Request: POST http://localhost:6333/collections/olmocr_documents/points/scroll "HTTP/1.1 200 OK"
2025-11-25 12:36:29,883 - httpx - INFO - HTTP Request: POST http://localhost:6333/collections/olmocr_documents/points/scroll "HTTP/1.1 200 OK"
2025-11-25 12:36:29,884 - httpx - INFO - HTTP Request: POST http://localhost:6333/collections/olmocr_documents/points/scroll "HTTP/1.1 200 OK"
2025-11-25 12:36:29,885 - httpx - INFO - HTTP Request: POST http://localhost:6333/collections/olmocr_documents/points/scroll "HTTP/1.1 200 OK"
2025-11-25 12:36:29,886 - httpx - INFO - HTTP Request: POST http://localhost:6333/collections/olmocr_documents/points/scroll "HTTP/1.1 200 OK"
2025-11-25 12:36:29,887 - httpx - INFO - HTTP Request: POST http://localhost:6333/collections/olmocr_documents/points/scroll "HTTP/1.1 200 OK"
2025-11-25 12:36:29,889 - httpx - INFO - HTTP Request: POST http://localhost:6333/collections/olmocr_documents/points/scroll "HTTP/1.1 200 OK"
2025-11-25 12:36:29,890 - httpx - INFO - HTTP Request: POST http://localhost:6333/collections/olmocr_documents/points/scroll "HTTP/1.1 200 OK"
2025-11-25 12:36:29,891 - httpx - INFO - HTTP Request: POST http://localhost:6333/collections/olmocr_documents/points/scroll "HTTP/1.1 200 OK"
2025-11-25 12:36:29,892 - httpx - INFO - HTTP Request: POST http://localhost:6333/collections/olmocr_documents/points/scroll "HTTP/1.1 200 OK"
2025-11-25 12:36:29,893 - httpx - INFO - HTTP Request: POST http://localhost:6333/collections/olmocr_documents/points/scroll "HTTP/1.1 200 OK"
2025-11-25 12:36:29,894 - httpx - INFO - HTTP Request: POST http://localhost:6333/collections/olmocr_documents/points/scroll "HTTP/1.1 200 OK"
2025-11-25 12:36:29,895 - httpx - INFO - HTTP Request: POST http://localhost:6333/collections/olmocr_documents/points/scroll "HTTP/1.1 200 OK"
2025-11-25 12:36:29,896 - httpx - INFO - HTTP Request: POST http://localhost:6333/collections/olmocr_documents/points/scroll "HTTP/1.1 200 OK"
2025-11-25 12:36:29,897 - httpx - INFO - HTTP Request: POST http://localhost:6333/collections/olmocr_documents/points/scroll "HTTP/1.1 200 OK"
2025-11-25 12:36:29,898 - httpx - INFO - HTTP Request: POST http://localhost:6333/collections/olmocr_documents/points/scroll "HTTP/1.1 200 OK"
2025-11-25 12:36:29,899 - httpx - INFO - HTTP Request: POST http://localhost:6333/collections/olmocr_documents/points/scroll "HTTP/1.1 200 OK"
2025-11-25 12:36:29,900 - httpx - INFO - HTTP Request: POST http://localhost:6333/collections/olmocr_documents/points/scroll "HTTP/1.1 200 OK"
2025-11-25 12:36:29,901 - httpx - INFO - HTTP Request: POST http://localhost:6333/collections/olmocr_documents/points/scroll "HTTP/1.1 200 OK"
2025-11-25 12:36:29,902 - httpx - INFO - HTTP Request: POST http://localhost:6333/collections/olmocr_documents/points/scroll "HTTP/1.1 200 OK"
2025-11-25 12:36:29,903 - httpx - INFO - HTTP Request: POST http://localhost:6333/collections/olmocr_documents/points/scroll "HTTP/1.1 200 OK"
2025-11-25 12:36:29,905 - httpx - INFO - HTTP Request: POST http://localhost:6333/collections/olmocr_documents/points/scroll "HTTP/1.1 200 OK"
2025-11-25 12:36:29,906 - httpx - INFO - HTTP Request: POST http://localhost:6333/collections/olmocr_documents/points/scroll "HTTP/1.1 200 OK"
2025-11-25 12:36:29,908 - httpx - INFO - HTTP Request: POST http://localhost:6333/collections/olmocr_documents/points/scroll "HTTP/1.1 200 OK"
2025-11-25 12:36:29,909 - httpx - INFO - HTTP Request: POST http://localhost:6333/collections/olmocr_documents/points/scroll "HTTP/1.1 200 OK"
2025-11-25 12:36:29,910 - httpx - INFO - HTTP Request: POST http://localhost:6333/collections/olmocr_documents/points/scroll "HTTP/1.1 200 OK"
2025-11-25 12:36:29,911 - httpx - INFO - HTTP Request: POST http://localhost:6333/collections/olmocr_documents/points/scroll "HTTP/1.1 200 OK"
2025-11-25 12:36:29,912 - httpx - INFO - HTTP Request: POST http://localhost:6333/collections/olmocr_documents/points/scroll "HTTP/1.1 200 OK"
2025-11-25 12:36:29,913 - httpx - INFO - HTTP Request: POST http://localhost:6333/collections/olmocr_documents/points/scroll "HTTP/1.1 200 OK"
2025-11-25 12:36:29,914 - httpx - INFO - HTTP Request: POST http://localhost:6333/collections/olmocr_documents/points/scroll "HTTP/1.1 200 OK"
2025-11-25 12:36:29,916 - httpx - INFO - HTTP Request: POST http://localhost:6333/collections/olmocr_documents/points/scroll "HTTP/1.1 200 OK"
2025-11-25 12:36:29,917 - httpx - INFO - HTTP Request: POST http://localhost:6333/collections/olmocr_documents/points/scroll "HTTP/1.1 200 OK"
2025-11-25 12:36:29,918 - httpx - INFO - HTTP Request: POST http://localhost:6333/collections/olmocr_documents/points/scroll "HTTP/1.1 200 OK"
2025-11-25 12:36:29,919 - httpx - INFO - HTTP Request: POST http://localhost:6333/collections/olmocr_documents/points/scroll "HTTP/1.1 200 OK"
2025-11-25 12:36:29,920 - httpx - INFO - HTTP Request: POST http://localhost:6333/collections/olmocr_documents/points/scroll "HTTP/1.1 200 OK"
2025-11-25 12:36:29,921 - httpx - INFO - HTTP Request: POST http://localhost:6333/collections/olmocr_documents/points/scroll "HTTP/1.1 200 OK"
2025-11-25 12:36:29,922 - httpx - INFO - HTTP Request: POST http://localhost:6333/collections/olmocr_documents/points/scroll "HTTP/1.1 200 OK"
2025-11-25 12:36:29,923 - httpx - INFO - HTTP Request: POST http://localhost:6333/collections/olmocr_documents/points/scroll "HTTP/1.1 200 OK"
2025-11-25 12:36:29,924 - httpx - INFO - HTTP Request: POST http://localhost:6333/collections/olmocr_documents/points/scroll "HTTP/1.1 200 OK"
2025-11-25 12:36:29,925 - httpx - INFO - HTTP Request: POST http://localhost:6333/collections/olmocr_documents/points/scroll "HTTP/1.1 200 OK"
2025-11-25 12:36:29,926 - httpx - INFO - HTTP Request: POST http://localhost:6333/collections/olmocr_documents/points/scroll "HTTP/1.1 200 OK"
2025-11-25 12:36:29,928 - httpx - INFO - HTTP Request: POST http://localhost:6333/collections/olmocr_documents/points/scroll "HTTP/1.1 200 OK"
2025-11-25 12:36:29,929 - httpx - INFO - HTTP Request: POST http://localhost:6333/collections/olmocr_documents/points/scroll "HTTP/1.1 200 OK"
2025-11-25 12:36:29,930 - httpx - INFO - HTTP Request: POST http://localhost:6333/collections/olmocr_documents/points/scroll "HTTP/1.1 200 OK"
2025-11-25 12:36:29,931 - httpx - INFO - HTTP Request: POST http://localhost:6333/collections/olmocr_documents/points/scroll "HTTP/1.1 200 OK"
2025-11-25 12:36:29,932 - httpx - INFO - HTTP Request: POST http://localhost:6333/collections/olmocr_documents/points/scroll "HTTP/1.1 200 OK"
2025-11-25 12:36:29,933 - httpx - INFO - HTTP Request: POST http://localhost:6333/collections/olmocr_documents/points/scroll "HTTP/1.1 200 OK"
2025-11-25 12:36:29,934 - httpx - INFO - HTTP Request: POST http://localhost:6333/collections/olmocr_documents/points/scroll "HTTP/1.1 200 OK"
2025-11-25 12:36:29,935 - httpx - INFO - HTTP Request: POST http://localhost:6333/collections/olmocr_documents/points/scroll "HTTP/1.1 200 OK"
2025-11-25 12:36:29,936 - httpx - INFO - HTTP Request: POST http://localhost:6333/collections/olmocr_documents/points/scroll "HTTP/1.1 200 OK"
2025-11-25 12:36:29,937 - httpx - INFO - HTTP Request: POST http://localhost:6333/collections/olmocr_documents/points/scroll "HTTP/1.1 200 OK"
2025-11-25 12:36:29,938 - httpx - INFO - HTTP Request: POST http://localhost:6333/collections/olmocr_documents/points/scroll "HTTP/1.1 200 OK"
2025-11-25 12:36:29,939 - httpx - INFO - HTTP Request: POST http://localhost:6333/collections/olmocr_documents/points/scroll "HTTP/1.1 200 OK"
2025-11-25 12:36:29,941 - httpx - INFO - HTTP Request: POST http://localhost:6333/collections/olmocr_documents/points/scroll "HTTP/1.1 200 OK"
2025-11-25 12:36:29,942 - httpx - INFO - HTTP Request: POST http://localhost:6333/collections/olmocr_documents/points/scroll "HTTP/1.1 200 OK"
2025-11-25 12:36:29,943 - httpx - INFO - HTTP Request: POST http://localhost:6333/collections/olmocr_documents/points/scroll "HTTP/1.1 200 OK"
2025-11-25 12:36:29,944 - httpx - INFO - HTTP Request: POST http://localhost:6333/collections/olmocr_documents/points/scroll "HTTP/1.1 200 OK"
2025-11-25 12:36:29,945 - httpx - INFO - HTTP Request: POST http://localhost:6333/collections/olmocr_documents/points/scroll "HTTP/1.1 200 OK"
2025-11-25 12:36:29,946 - httpx - INFO - HTTP Request: POST http://localhost:6333/collections/olmocr_documents/points/scroll "HTTP/1.1 200 OK"
2025-11-25 12:36:29,948 - httpx - INFO - HTTP Request: POST http://localhost:6333/collections/olmocr_documents/points/scroll "HTTP/1.1 200 OK"
2025-11-25 12:36:29,949 - httpx - INFO - HTTP Request: POST http://localhost:6333/collections/olmocr_documents/points/scroll "HTTP/1.1 200 OK"
2025-11-25 12:36:29,951 - httpx - INFO - HTTP Request: POST http://localhost:6333/collections/olmocr_documents/points/scroll "HTTP/1.1 200 OK"
2025-11-25 12:36:29,952 - httpx - INFO - HTTP Request: POST http://localhost:6333/collections/olmocr_documents/points/scroll "HTTP/1.1 200 OK"
2025-11-25 12:36:29,953 - httpx - INFO - HTTP Request: POST http://localhost:6333/collections/olmocr_documents/points/scroll "HTTP/1.1 200 OK"
2025-11-25 12:36:29,954 - httpx - INFO - HTTP Request: POST http://localhost:6333/collections/olmocr_documents/points/scroll "HTTP/1.1 200 OK"
2025-11-25 12:36:29,955 - httpx - INFO - HTTP Request: POST http://localhost:6333/collections/olmocr_documents/points/scroll "HTTP/1.1 200 OK"
2025-11-25 12:36:29,956 - httpx - INFO - HTTP Request: POST http://localhost:6333/collections/olmocr_documents/points/scroll "HTTP/1.1 200 OK"
2025-11-25 12:36:29,957 - httpx - INFO - HTTP Request: POST http://localhost:6333/collections/olmocr_documents/points/scroll "HTTP/1.1 200 OK"
2025-11-25 12:36:29,958 - httpx - INFO - HTTP Request: POST http://localhost:6333/collections/olmocr_documents/points/scroll "HTTP/1.1 200 OK"
2025-11-25 12:36:29,959 - httpx - INFO - HTTP Request: POST http://localhost:6333/collections/olmocr_documents/points/scroll "HTTP/1.1 200 OK"
2025-11-25 12:36:29,960 - httpx - INFO - HTTP Request: POST http://localhost:6333/collections/olmocr_documents/points/scroll "HTTP/1.1 200 OK"
2025-11-25 12:36:29,961 - httpx - INFO - HTTP Request: POST http://localhost:6333/collections/olmocr_documents/points/scroll "HTTP/1.1 200 OK"
2025-11-25 12:36:29,962 - httpx - INFO - HTTP Request: POST http://localhost:6333/collections/olmocr_documents/points/scroll "HTTP/1.1 200 OK"
2025-11-25 12:36:29,964 - httpx - INFO - HTTP Request: POST http://localhost:6333/collections/olmocr_documents/points/scroll "HTTP/1.1 200 OK"
2025-11-25 12:36:29,965 - httpx - INFO - HTTP Request: POST http://localhost:6333/collections/olmocr_documents/points/scroll "HTTP/1.1 200 OK"
2025-11-25 12:36:29,966 - httpx - INFO - HTTP Request: POST http://localhost:6333/collections/olmocr_documents/points/scroll "HTTP/1.1 200 OK"
2025-11-25 12:36:29,967 - httpx - INFO - HTTP Request: POST http://localhost:6333/collections/olmocr_documents/points/scroll "HTTP/1.1 200 OK"
2025-11-25 12:36:29,968 - httpx - INFO - HTTP Request: POST http://localhost:6333/collections/olmocr_documents/points/scroll "HTTP/1.1 200 OK"
2025-11-25 12:36:29,970 - httpx - INFO - HTTP Request: POST http://localhost:6333/collections/olmocr_documents/points/scroll "HTTP/1.1 200 OK"
2025-11-25 12:36:29,972 - httpx - INFO - HTTP Request: POST http://localhost:6333/collections/olmocr_documents/points/scroll "HTTP/1.1 200 OK"
2025-11-25 12:36:29,973 - httpx - INFO - HTTP Request: POST http://localhost:6333/collections/olmocr_documents/points/scroll "HTTP/1.1 200 OK"
2025-11-25 12:36:29,974 - httpx - INFO - HTTP Request: POST http://localhost:6333/collections/olmocr_documents/points/scroll "HTTP/1.1 200 OK"
2025-11-25 12:36:29,975 - httpx - INFO - HTTP Request: POST http://localhost:6333/collections/olmocr_documents/points/scroll "HTTP/1.1 200 OK"
2025-11-25 12:36:29,976 - httpx - INFO - HTTP Request: POST http://localhost:6333/collections/olmocr_documents/points/scroll "HTTP/1.1 200 OK"
2025-11-25 12:36:29,977 - httpx - INFO - HTTP Request: POST http://localhost:6333/collections/olmocr_documents/points/scroll "HTTP/1.1 200 OK"
2025-11-25 12:36:29,978 - httpx - INFO - HTTP Request: POST http://localhost:6333/collections/olmocr_documents/points/scroll "HTTP/1.1 200 OK"
2025-11-25 12:36:29,979 - httpx - INFO - HTTP Request: POST http://localhost:6333/collections/olmocr_documents/points/scroll "HTTP/1.1 200 OK"
2025-11-25 12:36:29,981 - httpx - INFO - HTTP Request: POST http://localhost:6333/collections/olmocr_documents/points/scroll "HTTP/1.1 200 OK"
2025-11-25 12:36:29,982 - httpx - INFO - HTTP Request: POST http://localhost:6333/collections/olmocr_documents/points/scroll "HTTP/1.1 200 OK"
2025-11-25 12:36:29,984 - httpx - INFO - HTTP Request: POST http://localhost:6333/collections/olmocr_documents/points/scroll "HTTP/1.1 200 OK"
2025-11-25 12:36:29,985 - httpx - INFO - HTTP Request: POST http://localhost:6333/collections/olmocr_documents/points/scroll "HTTP/1.1 200 OK"
2025-11-25 12:36:29,986 - httpx - INFO - HTTP Request: POST http://localhost:6333/collections/olmocr_documents/points/scroll "HTTP/1.1 200 OK"
2025-11-25 12:36:29,988 - httpx - INFO - HTTP Request: POST http://localhost:6333/collections/olmocr_documents/points/scroll "HTTP/1.1 200 OK"
2025-11-25 12:36:29,989 - httpx - INFO - HTTP Request: POST http://localhost:6333/collections/olmocr_documents/points/scroll "HTTP/1.1 200 OK"
2025-11-25 12:36:29,991 - httpx - INFO - HTTP Request: POST http://localhost:6333/collections/olmocr_documents/points/scroll "HTTP/1.1 200 OK"
2025-11-25 12:36:29,993 - httpx - INFO - HTTP Request: POST http://localhost:6333/collections/olmocr_documents/points/scroll "HTTP/1.1 200 OK"
2025-11-25 12:36:29,994 - httpx - INFO - HTTP Request: POST http://localhost:6333/collections/olmocr_documents/points/scroll "HTTP/1.1 200 OK"
2025-11-25 12:36:29,996 - httpx - INFO - HTTP Request: POST http://localhost:6333/collections/olmocr_documents/points/scroll "HTTP/1.1 200 OK"
2025-11-25 12:36:29,998 - httpx - INFO - HTTP Request: POST http://localhost:6333/collections/olmocr_documents/points/scroll "HTTP/1.1 200 OK"
2025-11-25 12:36:29,999 - httpx - INFO - HTTP Request: POST http://localhost:6333/collections/olmocr_documents/points/scroll "HTTP/1.1 200 OK"
2025-11-25 12:36:30,000 - httpx - INFO - HTTP Request: POST http://localhost:6333/collections/olmocr_documents/points/scroll "HTTP/1.1 200 OK"
2025-11-25 12:36:30,001 - httpx - INFO - HTTP Request: POST http://localhost:6333/collections/olmocr_documents/points/scroll "HTTP/1.1 200 OK"
2025-11-25 12:36:30,002 - httpx - INFO - HTTP Request: POST http://localhost:6333/collections/olmocr_documents/points/scroll "HTTP/1.1 200 OK"
2025-11-25 12:36:30,004 - httpx - INFO - HTTP Request: POST http://localhost:6333/collections/olmocr_documents/points/scroll "HTTP/1.1 200 OK"
2025-11-25 12:36:30,005 - httpx - INFO - HTTP Request: POST http://localhost:6333/collections/olmocr_documents/points/scroll "HTTP/1.1 200 OK"
2025-11-25 12:36:30,006 - httpx - INFO - HTTP Request: POST http://localhost:6333/collections/olmocr_documents/points/scroll "HTTP/1.1 200 OK"
2025-11-25 12:36:30,008 - httpx - INFO - HTTP Request: POST http://localhost:6333/collections/olmocr_documents/points/scroll "HTTP/1.1 200 OK"
2025-11-25 12:36:30,009 - httpx - INFO - HTTP Request: POST http://localhost:6333/collections/olmocr_documents/points/scroll "HTTP/1.1 200 OK"
2025-11-25 12:36:30,010 - httpx - INFO - HTTP Request: POST http://localhost:6333/collections/olmocr_documents/points/scroll "HTTP/1.1 200 OK"
2025-11-25 12:36:30,011 - httpx - INFO - HTTP Request: POST http://localhost:6333/collections/olmocr_documents/points/scroll "HTTP/1.1 200 OK"
2025-11-25 12:36:30,012 - httpx - INFO - HTTP Request: POST http://localhost:6333/collections/olmocr_documents/points/scroll "HTTP/1.1 200 OK"
2025-11-25 12:36:30,014 - httpx - INFO - HTTP Request: POST http://localhost:6333/collections/olmocr_documents/points/scroll "HTTP/1.1 200 OK"
2025-11-25 12:36:30,015 - httpx - INFO - HTTP Request: POST http://localhost:6333/collections/olmocr_documents/points/scroll "HTTP/1.1 200 OK"
2025-11-25 12:36:30,016 - httpx - INFO - HTTP Request: POST http://localhost:6333/collections/olmocr_documents/points/scroll "HTTP/1.1 200 OK"
2025-11-25 12:36:30,018 - httpx - INFO - HTTP Request: POST http://localhost:6333/collections/olmocr_documents/points/scroll "HTTP/1.1 200 OK"
2025-11-25 12:36:30,020 - httpx - INFO - HTTP Request: POST http://localhost:6333/collections/olmocr_documents/points/scroll "HTTP/1.1 200 OK"
2025-11-25 12:36:30,021 - httpx - INFO - HTTP Request: POST http://localhost:6333/collections/olmocr_documents/points/scroll "HTTP/1.1 200 OK"
2025-11-25 12:36:30,022 - httpx - INFO - HTTP Request: POST http://localhost:6333/collections/olmocr_documents/points/scroll "HTTP/1.1 200 OK"
2025-11-25 12:36:30,023 - httpx - INFO - HTTP Request: POST http://localhost:6333/collections/olmocr_documents/points/scroll "HTTP/1.1 200 OK"
2025-11-25 12:36:30,024 - httpx - INFO - HTTP Request: POST http://localhost:6333/collections/olmocr_documents/points/scroll "HTTP/1.1 200 OK"
2025-11-25 12:36:30,026 - httpx - INFO - HTTP Request: POST http://localhost:6333/collections/olmocr_documents/points/scroll "HTTP/1.1 200 OK"
2025-11-25 12:36:30,027 - httpx - INFO - HTTP Request: POST http://localhost:6333/collections/olmocr_documents/points/scroll "HTTP/1.1 200 OK"
2025-11-25 12:36:30,028 - httpx - INFO - HTTP Request: POST http://localhost:6333/collections/olmocr_documents/points/scroll "HTTP/1.1 200 OK"
2025-11-25 12:36:30,029 - httpx - INFO - HTTP Request: POST http://localhost:6333/collections/olmocr_documents/points/scroll "HTTP/1.1 200 OK"
2025-11-25 12:36:30,030 - httpx - INFO - HTTP Request: POST http://localhost:6333/collections/olmocr_documents/points/scroll "HTTP/1.1 200 OK"
2025-11-25 12:36:30,031 - httpx - INFO - HTTP Request: POST http://localhost:6333/collections/olmocr_documents/points/scroll "HTTP/1.1 200 OK"
2025-11-25 12:36:30,033 - httpx - INFO - HTTP Request: POST http://localhost:6333/collections/olmocr_documents/points/scroll "HTTP/1.1 200 OK"
2025-11-25 12:36:30,034 - httpx - INFO - HTTP Request: POST http://localhost:6333/collections/olmocr_documents/points/scroll "HTTP/1.1 200 OK"
2025-11-25 12:36:30,035 - httpx - INFO - HTTP Request: POST http://localhost:6333/collections/olmocr_documents/points/scroll "HTTP/1.1 200 OK"
2025-11-25 12:36:30,036 - httpx - INFO - HTTP Request: POST http://localhost:6333/collections/olmocr_documents/points/scroll "HTTP/1.1 200 OK"
2025-11-25 12:36:30,038 - httpx - INFO - HTTP Request: POST http://localhost:6333/collections/olmocr_documents/points/scroll "HTTP/1.1 200 OK"
2025-11-25 12:36:30,039 - httpx - INFO - HTTP Request: POST http://localhost:6333/collections/olmocr_documents/points/scroll "HTTP/1.1 200 OK"
2025-11-25 12:36:30,041 - httpx - INFO - HTTP Request: POST http://localhost:6333/collections/olmocr_documents/points/scroll "HTTP/1.1 200 OK"
2025-11-25 12:36:30,042 - httpx - INFO - HTTP Request: POST http://localhost:6333/collections/olmocr_documents/points/scroll "HTTP/1.1 200 OK"
2025-11-25 12:36:30,044 - httpx - INFO - HTTP Request: POST http://localhost:6333/collections/olmocr_documents/points/scroll "HTTP/1.1 200 OK"
2025-11-25 12:36:30,045 - httpx - INFO - HTTP Request: POST http://localhost:6333/collections/olmocr_documents/points/scroll "HTTP/1.1 200 OK"
2025-11-25 12:36:30,047 - httpx - INFO - HTTP Request: POST http://localhost:6333/collections/olmocr_documents/points/scroll "HTTP/1.1 200 OK"
2025-11-25 12:36:30,048 - httpx - INFO - HTTP Request: POST http://localhost:6333/collections/olmocr_documents/points/scroll "HTTP/1.1 200 OK"
2025-11-25 12:36:30,049 - httpx - INFO - HTTP Request: POST http://localhost:6333/collections/olmocr_documents/points/scroll "HTTP/1.1 200 OK"
2025-11-25 12:36:30,050 - httpx - INFO - HTTP Request: POST http://localhost:6333/collections/olmocr_documents/points/scroll "HTTP/1.1 200 OK"
2025-11-25 12:36:30,051 - httpx - INFO - HTTP Request: POST http://localhost:6333/collections/olmocr_documents/points/scroll "HTTP/1.1 200 OK"
2025-11-25 12:36:30,053 - httpx - INFO - HTTP Request: POST http://localhost:6333/collections/olmocr_documents/points/scroll "HTTP/1.1 200 OK"
2025-11-25 12:36:30,054 - httpx - INFO - HTTP Request: POST http://localhost:6333/collections/olmocr_documents/points/scroll "HTTP/1.1 200 OK"
2025-11-25 12:36:30,055 - httpx - INFO - HTTP Request: POST http://localhost:6333/collections/olmocr_documents/points/scroll "HTTP/1.1 200 OK"
2025-11-25 12:36:30,056 - httpx - INFO - HTTP Request: POST http://localhost:6333/collections/olmocr_documents/points/scroll "HTTP/1.1 200 OK"
2025-11-25 12:36:30,057 - httpx - INFO - HTTP Request: POST http://localhost:6333/collections/olmocr_documents/points/scroll "HTTP/1.1 200 OK"
2025-11-25 12:36:30,059 - httpx - INFO - HTTP Request: POST http://localhost:6333/collections/olmocr_documents/points/scroll "HTTP/1.1 200 OK"
2025-11-25 12:36:30,060 - httpx - INFO - HTTP Request: POST http://localhost:6333/collections/olmocr_documents/points/scroll "HTTP/1.1 200 OK"
2025-11-25 12:36:30,061 - httpx - INFO - HTTP Request: POST http://localhost:6333/collections/olmocr_documents/points/scroll "HTTP/1.1 200 OK"
2025-11-25 12:36:30,062 - httpx - INFO - HTTP Request: POST http://localhost:6333/collections/olmocr_documents/points/scroll "HTTP/1.1 200 OK"
2025-11-25 12:36:30,064 - httpx - INFO - HTTP Request: POST http://localhost:6333/collections/olmocr_documents/points/scroll "HTTP/1.1 200 OK"
2025-11-25 12:36:30,065 - httpx - INFO - HTTP Request: POST http://localhost:6333/collections/olmocr_documents/points/scroll "HTTP/1.1 200 OK"
2025-11-25 12:36:30,067 - httpx - INFO - HTTP Request: POST http://localhost:6333/collections/olmocr_documents/points/scroll "HTTP/1.1 200 OK"
2025-11-25 12:36:30,068 - httpx - INFO - HTTP Request: POST http://localhost:6333/collections/olmocr_documents/points/scroll "HTTP/1.1 200 OK"
2025-11-25 12:36:30,069 - httpx - INFO - HTTP Request: POST http://localhost:6333/collections/olmocr_documents/points/scroll "HTTP/1.1 200 OK"
2025-11-25 12:36:30,071 - httpx - INFO - HTTP Request: POST http://localhost:6333/collections/olmocr_documents/points/scroll "HTTP/1.1 200 OK"
2025-11-25 12:36:30,072 - httpx - INFO - HTTP Request: POST http://localhost:6333/collections/olmocr_documents/points/scroll "HTTP/1.1 200 OK"
2025-11-25 12:36:30,073 - httpx - INFO - HTTP Request: POST http://localhost:6333/collections/olmocr_documents/points/scroll "HTTP/1.1 200 OK"
2025-11-25 12:36:30,075 - httpx - INFO - HTTP Request: POST http://localhost:6333/collections/olmocr_documents/points/scroll "HTTP/1.1 200 OK"
2025-11-25 12:36:30,076 - httpx - INFO - HTTP Request: POST http://localhost:6333/collections/olmocr_documents/points/scroll "HTTP/1.1 200 OK"
2025-11-25 12:36:30,078 - httpx - INFO - HTTP Request: POST http://localhost:6333/collections/olmocr_documents/points/scroll "HTTP/1.1 200 OK"
2025-11-25 12:36:30,079 - httpx - INFO - HTTP Request: POST http://localhost:6333/collections/olmocr_documents/points/scroll "HTTP/1.1 200 OK"
2025-11-25 12:36:30,080 - httpx - INFO - HTTP Request: POST http://localhost:6333/collections/olmocr_documents/points/scroll "HTTP/1.1 200 OK"
2025-11-25 12:36:30,081 - httpx - INFO - HTTP Request: POST http://localhost:6333/collections/olmocr_documents/points/scroll "HTTP/1.1 200 OK"
2025-11-25 12:36:30,083 - httpx - INFO - HTTP Request: POST http://localhost:6333/collections/olmocr_documents/points/scroll "HTTP/1.1 200 OK"
2025-11-25 12:36:30,084 - httpx - INFO - HTTP Request: POST http://localhost:6333/collections/olmocr_documents/points/scroll "HTTP/1.1 200 OK"
2025-11-25 12:36:30,085 - httpx - INFO - HTTP Request: POST http://localhost:6333/collections/olmocr_documents/points/scroll "HTTP/1.1 200 OK"
2025-11-25 12:36:30,086 - httpx - INFO - HTTP Request: POST http://localhost:6333/collections/olmocr_documents/points/scroll "HTTP/1.1 200 OK"
2025-11-25 12:36:30,088 - httpx - INFO - HTTP Request: POST http://localhost:6333/collections/olmocr_documents/points/scroll "HTTP/1.1 200 OK"
2025-11-25 12:36:30,089 - httpx - INFO - HTTP Request: POST http://localhost:6333/collections/olmocr_documents/points/scroll "HTTP/1.1 200 OK"
2025-11-25 12:36:30,090 - httpx - INFO - HTTP Request: POST http://localhost:6333/collections/olmocr_documents/points/scroll "HTTP/1.1 200 OK"
2025-11-25 12:36:30,092 - httpx - INFO - HTTP Request: POST http://localhost:6333/collections/olmocr_documents/points/scroll "HTTP/1.1 200 OK"
2025-11-25 12:36:30,093 - httpx - INFO - HTTP Request: POST http://localhost:6333/collections/olmocr_documents/points/scroll "HTTP/1.1 200 OK"
2025-11-25 12:36:30,095 - httpx - INFO - HTTP Request: POST http://localhost:6333/collections/olmocr_documents/points/scroll "HTTP/1.1 200 OK"
2025-11-25 12:36:30,096 - httpx - INFO - HTTP Request: POST http://localhost:6333/collections/olmocr_documents/points/scroll "HTTP/1.1 200 OK"
2025-11-25 12:36:30,097 - httpx - INFO - HTTP Request: POST http://localhost:6333/collections/olmocr_documents/points/scroll "HTTP/1.1 200 OK"
2025-11-25 12:36:30,099 - httpx - INFO - HTTP Request: POST http://localhost:6333/collections/olmocr_documents/points/scroll "HTTP/1.1 200 OK"
2025-11-25 12:36:30,100 - httpx - INFO - HTTP Request: POST http://localhost:6333/collections/olmocr_documents/points/scroll "HTTP/1.1 200 OK"
2025-11-25 12:36:30,101 - httpx - INFO - HTTP Request: POST http://localhost:6333/collections/olmocr_documents/points/scroll "HTTP/1.1 200 OK"
2025-11-25 12:36:30,103 - httpx - INFO - HTTP Request: POST http://localhost:6333/collections/olmocr_documents/points/scroll "HTTP/1.1 200 OK"
2025-11-25 12:36:30,104 - httpx - INFO - HTTP Request: POST http://localhost:6333/collections/olmocr_documents/points/scroll "HTTP/1.1 200 OK"
2025-11-25 12:36:30,105 - httpx - INFO - HTTP Request: POST http://localhost:6333/collections/olmocr_documents/points/scroll "HTTP/1.1 200 OK"
2025-11-25 12:36:30,106 - httpx - INFO - HTTP Request: POST http://localhost:6333/collections/olmocr_documents/points/scroll "HTTP/1.1 200 OK"
2025-11-25 12:36:30,108 - httpx - INFO - HTTP Request: POST http://localhost:6333/collections/olmocr_documents/points/scroll "HTTP/1.1 200 OK"
2025-11-25 12:36:30,109 - httpx - INFO - HTTP Request: POST http://localhost:6333/collections/olmocr_documents/points/scroll "HTTP/1.1 200 OK"
2025-11-25 12:36:30,110 - httpx - INFO - HTTP Request: POST http://localhost:6333/collections/olmocr_documents/points/scroll "HTTP/1.1 200 OK"
2025-11-25 12:36:30,111 - httpx - INFO - HTTP Request: POST http://localhost:6333/collections/olmocr_documents/points/scroll "HTTP/1.1 200 OK"
2025-11-25 12:36:30,113 - httpx - INFO - HTTP Request: POST http://localhost:6333/collections/olmocr_documents/points/scroll "HTTP/1.1 200 OK"
2025-11-25 12:36:30,114 - httpx - INFO - HTTP Request: POST http://localhost:6333/collections/olmocr_documents/points/scroll "HTTP/1.1 200 OK"
2025-11-25 12:36:30,116 - httpx - INFO - HTTP Request: POST http://localhost:6333/collections/olmocr_documents/points/scroll "HTTP/1.1 200 OK"
2025-11-25 12:36:30,117 - httpx - INFO - HTTP Request: POST http://localhost:6333/collections/olmocr_documents/points/scroll "HTTP/1.1 200 OK"
2025-11-25 12:36:30,118 - httpx - INFO - HTTP Request: POST http://localhost:6333/collections/olmocr_documents/points/scroll "HTTP/1.1 200 OK"
2025-11-25 12:36:30,120 - httpx - INFO - HTTP Request: POST http://localhost:6333/collections/olmocr_documents/points/scroll "HTTP/1.1 200 OK"
2025-11-25 12:36:30,121 - httpx - INFO - HTTP Request: POST http://localhost:6333/collections/olmocr_documents/points/scroll "HTTP/1.1 200 OK"
2025-11-25 12:36:30,122 - httpx - INFO - HTTP Request: POST http://localhost:6333/collections/olmocr_documents/points/scroll "HTTP/1.1 200 OK"
2025-11-25 12:36:30,123 - httpx - INFO - HTTP Request: POST http://localhost:6333/collections/olmocr_documents/points/scroll "HTTP/1.1 200 OK"
2025-11-25 12:36:30,124 - httpx - INFO - HTTP Request: POST http://localhost:6333/collections/olmocr_documents/points/scroll "HTTP/1.1 200 OK"
2025-11-25 12:36:30,125 - httpx - INFO - HTTP Request: POST http://localhost:6333/collections/olmocr_documents/points/scroll "HTTP/1.1 200 OK"
2025-11-25 12:36:30,126 - httpx - INFO - HTTP Request: POST http://localhost:6333/collections/olmocr_documents/points/scroll "HTTP/1.1 200 OK"
2025-11-25 12:36:30,127 - httpx - INFO - HTTP Request: POST http://localhost:6333/collections/olmocr_documents/points/scroll "HTTP/1.1 200 OK"
2025-11-25 12:36:30,128 - httpx - INFO - HTTP Request: POST http://localhost:6333/collections/olmocr_documents/points/scroll "HTTP/1.1 200 OK"
2025-11-25 12:36:30,130 - httpx - INFO - HTTP Request: POST http://localhost:6333/collections/olmocr_documents/points/scroll "HTTP/1.1 200 OK"
2025-11-25 12:36:30,131 - httpx - INFO - HTTP Request: POST http://localhost:6333/collections/olmocr_documents/points/scroll "HTTP/1.1 200 OK"
2025-11-25 12:36:30,132 - httpx - INFO - HTTP Request: POST http://localhost:6333/collections/olmocr_documents/points/scroll "HTTP/1.1 200 OK"
2025-11-25 12:36:30,133 - httpx - INFO - HTTP Request: POST http://localhost:6333/collections/olmocr_documents/points/scroll "HTTP/1.1 200 OK"
2025-11-25 12:36:30,134 - httpx - INFO - HTTP Request: POST http://localhost:6333/collections/olmocr_documents/points/scroll "HTTP/1.1 200 OK"
2025-11-25 12:36:30,136 - httpx - INFO - HTTP Request: POST http://localhost:6333/collections/olmocr_documents/points/scroll "HTTP/1.1 200 OK"
2025-11-25 12:36:30,137 - httpx - INFO - HTTP Request: POST http://localhost:6333/collections/olmocr_documents/points/scroll "HTTP/1.1 200 OK"
2025-11-25 12:36:30,139 - httpx - INFO - HTTP Request: POST http://localhost:6333/collections/olmocr_documents/points/scroll "HTTP/1.1 200 OK"
2025-11-25 12:36:30,140 - httpx - INFO - HTTP Request: POST http://localhost:6333/collections/olmocr_documents/points/scroll "HTTP/1.1 200 OK"
2025-11-25 12:36:30,141 - httpx - INFO - HTTP Request: POST http://localhost:6333/collections/olmocr_documents/points/scroll "HTTP/1.1 200 OK"
2025-11-25 12:36:30,142 - httpx - INFO - HTTP Request: POST http://localhost:6333/collections/olmocr_documents/points/scroll "HTTP/1.1 200 OK"
2025-11-25 12:36:30,143 - httpx - INFO - HTTP Request: POST http://localhost:6333/collections/olmocr_documents/points/scroll "HTTP/1.1 200 OK"
2025-11-25 12:36:30,144 - httpx - INFO - HTTP Request: POST http://localhost:6333/collections/olmocr_documents/points/scroll "HTTP/1.1 200 OK"
2025-11-25 12:36:30,146 - httpx - INFO - HTTP Request: POST http://localhost:6333/collections/olmocr_documents/points/scroll "HTTP/1.1 200 OK"
2025-11-25 12:36:30,147 - httpx - INFO - HTTP Request: POST http://localhost:6333/collections/olmocr_documents/points/scroll "HTTP/1.1 200 OK"
2025-11-25 12:36:30,148 - httpx - INFO - HTTP Request: POST http://localhost:6333/collections/olmocr_documents/points/scroll "HTTP/1.1 200 OK"
2025-11-25 12:36:30,149 - httpx - INFO - HTTP Request: POST http://localhost:6333/collections/olmocr_documents/points/scroll "HTTP/1.1 200 OK"
2025-11-25 12:36:30,150 - httpx - INFO - HTTP Request: POST http://localhost:6333/collections/olmocr_documents/points/scroll "HTTP/1.1 200 OK"
2025-11-25 12:36:30,151 - httpx - INFO - HTTP Request: POST http://localhost:6333/collections/olmocr_documents/points/scroll "HTTP/1.1 200 OK"
2025-11-25 12:36:30,152 - httpx - INFO - HTTP Request: POST http://localhost:6333/collections/olmocr_documents/points/scroll "HTTP/1.1 200 OK"
2025-11-25 12:36:30,153 - httpx - INFO - HTTP Request: POST http://localhost:6333/collections/olmocr_documents/points/scroll "HTTP/1.1 200 OK"
2025-11-25 12:36:30,155 - httpx - INFO - HTTP Request: POST http://localhost:6333/collections/olmocr_documents/points/scroll "HTTP/1.1 200 OK"
2025-11-25 12:36:30,156 - httpx - INFO - HTTP Request: POST http://localhost:6333/collections/olmocr_documents/points/scroll "HTTP/1.1 200 OK"
2025-11-25 12:36:30,158 - httpx - INFO - HTTP Request: POST http://localhost:6333/collections/olmocr_documents/points/scroll "HTTP/1.1 200 OK"
2025-11-25 12:36:30,159 - httpx - INFO - HTTP Request: POST http://localhost:6333/collections/olmocr_documents/points/scroll "HTTP/1.1 200 OK"
2025-11-25 12:36:30,161 - httpx - INFO - HTTP Request: POST http://localhost:6333/collections/olmocr_documents/points/scroll "HTTP/1.1 200 OK"
2025-11-25 12:36:30,162 - httpx - INFO - HTTP Request: POST http://localhost:6333/collections/olmocr_documents/points/scroll "HTTP/1.1 200 OK"
2025-11-25 12:36:30,163 - httpx - INFO - HTTP Request: POST http://localhost:6333/collections/olmocr_documents/points/scroll "HTTP/1.1 200 OK"
2025-11-25 12:36:30,165 - httpx - INFO - HTTP Request: POST http://localhost:6333/collections/olmocr_documents/points/scroll "HTTP/1.1 200 OK"
2025-11-25 12:36:30,166 - httpx - INFO - HTTP Request: POST http://localhost:6333/collections/olmocr_documents/points/scroll "HTTP/1.1 200 OK"
2025-11-25 12:36:30,167 - httpx - INFO - HTTP Request: POST http://localhost:6333/collections/olmocr_documents/points/scroll "HTTP/1.1 200 OK"
2025-11-25 12:36:30,168 - httpx - INFO - HTTP Request: POST http://localhost:6333/collections/olmocr_documents/points/scroll "HTTP/1.1 200 OK"
2025-11-25 12:36:30,170 - httpx - INFO - HTTP Request: POST http://localhost:6333/collections/olmocr_documents/points/scroll "HTTP/1.1 200 OK"
2025-11-25 12:36:30,171 - httpx - INFO - HTTP Request: POST http://localhost:6333/collections/olmocr_documents/points/scroll "HTTP/1.1 200 OK"
2025-11-25 12:36:30,172 - httpx - INFO - HTTP Request: POST http://localhost:6333/collections/olmocr_documents/points/scroll "HTTP/1.1 200 OK"
2025-11-25 12:36:30,173 - httpx - INFO - HTTP Request: POST http://localhost:6333/collections/olmocr_documents/points/scroll "HTTP/1.1 200 OK"
2025-11-25 12:36:30,174 - httpx - INFO - HTTP Request: POST http://localhost:6333/collections/olmocr_documents/points/scroll "HTTP/1.1 200 OK"
2025-11-25 12:36:30,175 - httpx - INFO - HTTP Request: POST http://localhost:6333/collections/olmocr_documents/points/scroll "HTTP/1.1 200 OK"
2025-11-25 12:36:30,176 - httpx - INFO - HTTP Request: POST http://localhost:6333/collections/olmocr_documents/points/scroll "HTTP/1.1 200 OK"
2025-11-25 12:36:30,179 - httpx - INFO - HTTP Request: POST http://localhost:6333/collections/olmocr_documents/points/scroll "HTTP/1.1 200 OK"
2025-11-25 12:36:30,180 - httpx - INFO - HTTP Request: POST http://localhost:6333/collections/olmocr_documents/points/scroll "HTTP/1.1 200 OK"
2025-11-25 12:36:30,182 - httpx - INFO - HTTP Request: POST http://localhost:6333/collections/olmocr_documents/points/scroll "HTTP/1.1 200 OK"
2025-11-25 12:36:30,183 - httpx - INFO - HTTP Request: POST http://localhost:6333/collections/olmocr_documents/points/scroll "HTTP/1.1 200 OK"
2025-11-25 12:36:30,185 - httpx - INFO - HTTP Request: POST http://localhost:6333/collections/olmocr_documents/points/scroll "HTTP/1.1 200 OK"
2025-11-25 12:36:30,186 - httpx - INFO - HTTP Request: POST http://localhost:6333/collections/olmocr_documents/points/scroll "HTTP/1.1 200 OK"
2025-11-25 12:36:30,187 - httpx - INFO - HTTP Request: POST http://localhost:6333/collections/olmocr_documents/points/scroll "HTTP/1.1 200 OK"
2025-11-25 12:36:30,189 - httpx - INFO - HTTP Request: POST http://localhost:6333/collections/olmocr_documents/points/scroll "HTTP/1.1 200 OK"
2025-11-25 12:36:30,190 - httpx - INFO - HTTP Request: POST http://localhost:6333/collections/olmocr_documents/points/scroll "HTTP/1.1 200 OK"
2025-11-25 12:36:30,191 - httpx - INFO - HTTP Request: POST http://localhost:6333/collections/olmocr_documents/points/scroll "HTTP/1.1 200 OK"
2025-11-25 12:36:30,192 - httpx - INFO - HTTP Request: POST http://localhost:6333/collections/olmocr_documents/points/scroll "HTTP/1.1 200 OK"
2025-11-25 12:36:30,193 - httpx - INFO - HTTP Request: POST http://localhost:6333/collections/olmocr_documents/points/scroll "HTTP/1.1 200 OK"
2025-11-25 12:36:30,195 - httpx - INFO - HTTP Request: POST http://localhost:6333/collections/olmocr_documents/points/scroll "HTTP/1.1 200 OK"
2025-11-25 12:36:30,196 - httpx - INFO - HTTP Request: POST http://localhost:6333/collections/olmocr_documents/points/scroll "HTTP/1.1 200 OK"
2025-11-25 12:36:30,197 - httpx - INFO - HTTP Request: POST http://localhost:6333/collections/olmocr_documents/points/scroll "HTTP/1.1 200 OK"
2025-11-25 12:36:30,198 - httpx - INFO - HTTP Request: POST http://localhost:6333/collections/olmocr_documents/points/scroll "HTTP/1.1 200 OK"
2025-11-25 12:36:30,199 - httpx - INFO - HTTP Request: POST http://localhost:6333/collections/olmocr_documents/points/scroll "HTTP/1.1 200 OK"
2025-11-25 12:36:30,200 - httpx - INFO - HTTP Request: POST http://localhost:6333/collections/olmocr_documents/points/scroll "HTTP/1.1 200 OK"
2025-11-25 12:36:30,201 - httpx - INFO - HTTP Request: POST http://localhost:6333/collections/olmocr_documents/points/scroll "HTTP/1.1 200 OK"
2025-11-25 12:36:30,202 - httpx - INFO - HTTP Request: POST http://localhost:6333/collections/olmocr_documents/points/scroll "HTTP/1.1 200 OK"
2025-11-25 12:36:30,204 - httpx - INFO - HTTP Request: POST http://localhost:6333/collections/olmocr_documents/points/scroll "HTTP/1.1 200 OK"
2025-11-25 12:36:30,205 - httpx - INFO - HTTP Request: POST http://localhost:6333/collections/olmocr_documents/points/scroll "HTTP/1.1 200 OK"
2025-11-25 12:36:30,206 - httpx - INFO - HTTP Request: POST http://localhost:6333/collections/olmocr_documents/points/scroll "HTTP/1.1 200 OK"
2025-11-25 12:36:30,207 - httpx - INFO - HTTP Request: POST http://localhost:6333/collections/olmocr_documents/points/scroll "HTTP/1.1 200 OK"
2025-11-25 12:36:30,208 - httpx - INFO - HTTP Request: POST http://localhost:6333/collections/olmocr_documents/points/scroll "HTTP/1.1 200 OK"
2025-11-25 12:36:30,209 - httpx - INFO - HTTP Request: POST http://localhost:6333/collections/olmocr_documents/points/scroll "HTTP/1.1 200 OK"
2025-11-25 12:36:30,210 - httpx - INFO - HTTP Request: POST http://localhost:6333/collections/olmocr_documents/points/scroll "HTTP/1.1 200 OK"
2025-11-25 12:36:30,212 - httpx - INFO - HTTP Request: POST http://localhost:6333/collections/olmocr_documents/points/scroll "HTTP/1.1 200 OK"
2025-11-25 12:36:30,214 - httpx - INFO - HTTP Request: POST http://localhost:6333/collections/olmocr_documents/points/scroll "HTTP/1.1 200 OK"
2025-11-25 12:36:30,215 - httpx - INFO - HTTP Request: POST http://localhost:6333/collections/olmocr_documents/points/scroll "HTTP/1.1 200 OK"
2025-11-25 12:36:30,216 - httpx - INFO - HTTP Request: POST http://localhost:6333/collections/olmocr_documents/points/scroll "HTTP/1.1 200 OK"
2025-11-25 12:36:30,218 - httpx - INFO - HTTP Request: POST http://localhost:6333/collections/olmocr_documents/points/scroll "HTTP/1.1 200 OK"
2025-11-25 12:36:30,219 - httpx - INFO - HTTP Request: POST http://localhost:6333/collections/olmocr_documents/points/scroll "HTTP/1.1 200 OK"
2025-11-25 12:36:30,220 - httpx - INFO - HTTP Request: POST http://localhost:6333/collections/olmocr_documents/points/scroll "HTTP/1.1 200 OK"
2025-11-25 12:36:30,221 - httpx - INFO - HTTP Request: POST http://localhost:6333/collections/olmocr_documents/points/scroll "HTTP/1.1 200 OK"
2025-11-25 12:36:30,223 - httpx - INFO - HTTP Request: POST http://localhost:6333/collections/olmocr_documents/points/scroll "HTTP/1.1 200 OK"
2025-11-25 12:36:30,224 - httpx - INFO - HTTP Request: POST http://localhost:6333/collections/olmocr_documents/points/scroll "HTTP/1.1 200 OK"
2025-11-25 12:36:30,225 - httpx - INFO - HTTP Request: POST http://localhost:6333/collections/olmocr_documents/points/scroll "HTTP/1.1 200 OK"
2025-11-25 12:36:30,226 - httpx - INFO - HTTP Request: POST http://localhost:6333/collections/olmocr_documents/points/scroll "HTTP/1.1 200 OK"
2025-11-25 12:36:30,227 - httpx - INFO - HTTP Request: POST http://localhost:6333/collections/olmocr_documents/points/scroll "HTTP/1.1 200 OK"
2025-11-25 12:36:30,229 - httpx - INFO - HTTP Request: POST http://localhost:6333/collections/olmocr_documents/points/scroll "HTTP/1.1 200 OK"
2025-11-25 12:36:30,230 - httpx - INFO - HTTP Request: POST http://localhost:6333/collections/olmocr_documents/points/scroll "HTTP/1.1 200 OK"
2025-11-25 12:36:30,231 - httpx - INFO - HTTP Request: POST http://localhost:6333/collections/olmocr_documents/points/scroll "HTTP/1.1 200 OK"
2025-11-25 12:36:30,232 - httpx - INFO - HTTP Request: POST http://localhost:6333/collections/olmocr_documents/points/scroll "HTTP/1.1 200 OK"
2025-11-25 12:36:30,233 - httpx - INFO - HTTP Request: POST http://localhost:6333/collections/olmocr_documents/points/scroll "HTTP/1.1 200 OK"
2025-11-25 12:36:30,234 - httpx - INFO - HTTP Request: POST http://localhost:6333/collections/olmocr_documents/points/scroll "HTTP/1.1 200 OK"
2025-11-25 12:36:30,236 - httpx - INFO - HTTP Request: POST http://localhost:6333/collections/olmocr_documents/points/scroll "HTTP/1.1 200 OK"
2025-11-25 12:36:30,237 - httpx - INFO - HTTP Request: POST http://localhost:6333/collections/olmocr_documents/points/scroll "HTTP/1.1 200 OK"
2025-11-25 12:36:30,239 - httpx - INFO - HTTP Request: POST http://localhost:6333/collections/olmocr_documents/points/scroll "HTTP/1.1 200 OK"
2025-11-25 12:36:30,240 - httpx - INFO - HTTP Request: POST http://localhost:6333/collections/olmocr_documents/points/scroll "HTTP/1.1 200 OK"
2025-11-25 12:36:30,242 - httpx - INFO - HTTP Request: POST http://localhost:6333/collections/olmocr_documents/points/scroll "HTTP/1.1 200 OK"
2025-11-25 12:36:30,243 - httpx - INFO - HTTP Request: POST http://localhost:6333/collections/olmocr_documents/points/scroll "HTTP/1.1 200 OK"
2025-11-25 12:36:30,245 - httpx - INFO - HTTP Request: POST http://localhost:6333/collections/olmocr_documents/points/scroll "HTTP/1.1 200 OK"
2025-11-25 12:36:30,246 - httpx - INFO - HTTP Request: POST http://localhost:6333/collections/olmocr_documents/points/scroll "HTTP/1.1 200 OK"
2025-11-25 12:36:30,247 - httpx - INFO - HTTP Request: POST http://localhost:6333/collections/olmocr_documents/points/scroll "HTTP/1.1 200 OK"
2025-11-25 12:36:30,249 - httpx - INFO - HTTP Request: POST http://localhost:6333/collections/olmocr_documents/points/scroll "HTTP/1.1 200 OK"
2025-11-25 12:36:30,250 - httpx - INFO - HTTP Request: POST http://localhost:6333/collections/olmocr_documents/points/scroll "HTTP/1.1 200 OK"
2025-11-25 12:36:30,252 - httpx - INFO - HTTP Request: POST http://localhost:6333/collections/olmocr_documents/points/scroll "HTTP/1.1 200 OK"
2025-11-25 12:36:30,253 - httpx - INFO - HTTP Request: POST http://localhost:6333/collections/olmocr_documents/points/scroll "HTTP/1.1 200 OK"
2025-11-25 12:36:30,254 - httpx - INFO - HTTP Request: POST http://localhost:6333/collections/olmocr_documents/points/scroll "HTTP/1.1 200 OK"
2025-11-25 12:36:30,255 - httpx - INFO - HTTP Request: POST http://localhost:6333/collections/olmocr_documents/points/scroll "HTTP/1.1 200 OK"
2025-11-25 12:36:30,256 - httpx - INFO - HTTP Request: POST http://localhost:6333/collections/olmocr_documents/points/scroll "HTTP/1.1 200 OK"
2025-11-25 12:36:30,257 - httpx - INFO - HTTP Request: POST http://localhost:6333/collections/olmocr_documents/points/scroll "HTTP/1.1 200 OK"
2025-11-25 12:36:30,259 - httpx - INFO - HTTP Request: POST http://localhost:6333/collections/olmocr_documents/points/scroll "HTTP/1.1 200 OK"
2025-11-25 12:36:30,260 - httpx - INFO - HTTP Request: POST http://localhost:6333/collections/olmocr_documents/points/scroll "HTTP/1.1 200 OK"
2025-11-25 12:36:30,262 - httpx - INFO - HTTP Request: POST http://localhost:6333/collections/olmocr_documents/points/scroll "HTTP/1.1 200 OK"
2025-11-25 12:36:30,263 - httpx - INFO - HTTP Request: POST http://localhost:6333/collections/olmocr_documents/points/scroll "HTTP/1.1 200 OK"
2025-11-25 12:36:30,265 - httpx - INFO - HTTP Request: POST http://localhost:6333/collections/olmocr_documents/points/scroll "HTTP/1.1 200 OK"
2025-11-25 12:36:30,266 - httpx - INFO - HTTP Request: POST http://localhost:6333/collections/olmocr_documents/points/scroll "HTTP/1.1 200 OK"
2025-11-25 12:36:30,267 - httpx - INFO - HTTP Request: POST http://localhost:6333/collections/olmocr_documents/points/scroll "HTTP/1.1 200 OK"
2025-11-25 12:36:30,268 - httpx - INFO - HTTP Request: POST http://localhost:6333/collections/olmocr_documents/points/scroll "HTTP/1.1 200 OK"
2025-11-25 12:36:30,269 - httpx - INFO - HTTP Request: POST http://localhost:6333/collections/olmocr_documents/points/scroll "HTTP/1.1 200 OK"
2025-11-25 12:36:30,270 - httpx - INFO - HTTP Request: POST http://localhost:6333/collections/olmocr_documents/points/scroll "HTTP/1.1 200 OK"
2025-11-25 12:36:30,272 - httpx - INFO - HTTP Request: POST http://localhost:6333/collections/olmocr_documents/points/scroll "HTTP/1.1 200 OK"
2025-11-25 12:36:30,273 - httpx - INFO - HTTP Request: POST http://localhost:6333/collections/olmocr_documents/points/scroll "HTTP/1.1 200 OK"
2025-11-25 12:36:30,274 - httpx - INFO - HTTP Request: POST http://localhost:6333/collections/olmocr_documents/points/scroll "HTTP/1.1 200 OK"
2025-11-25 12:36:30,275 - httpx - INFO - HTTP Request: POST http://localhost:6333/collections/olmocr_documents/points/scroll "HTTP/1.1 200 OK"
2025-11-25 12:36:30,276 - httpx - INFO - HTTP Request: POST http://localhost:6333/collections/olmocr_documents/points/scroll "HTTP/1.1 200 OK"
2025-11-25 12:36:30,277 - httpx - INFO - HTTP Request: POST http://localhost:6333/collections/olmocr_documents/points/scroll "HTTP/1.1 200 OK"
2025-11-25 12:36:30,278 - httpx - INFO - HTTP Request: POST http://localhost:6333/collections/olmocr_documents/points/scroll "HTTP/1.1 200 OK"
2025-11-25 12:36:30,279 - httpx - INFO - HTTP Request: POST http://localhost:6333/collections/olmocr_documents/points/scroll "HTTP/1.1 200 OK"
2025-11-25 12:36:30,280 - httpx - INFO - HTTP Request: POST http://localhost:6333/collections/olmocr_documents/points/scroll "HTTP/1.1 200 OK"
2025-11-25 12:36:30,281 - httpx - INFO - HTTP Request: POST http://localhost:6333/collections/olmocr_documents/points/scroll "HTTP/1.1 200 OK"
2025-11-25 12:36:30,282 - httpx - INFO - HTTP Request: POST http://localhost:6333/collections/olmocr_documents/points/scroll "HTTP/1.1 200 OK"
2025-11-25 12:36:30,284 - httpx - INFO - HTTP Request: POST http://localhost:6333/collections/olmocr_documents/points/scroll "HTTP/1.1 200 OK"
2025-11-25 12:36:30,285 - httpx - INFO - HTTP Request: POST http://localhost:6333/collections/olmocr_documents/points/scroll "HTTP/1.1 200 OK"
2025-11-25 12:36:30,286 - httpx - INFO - HTTP Request: POST http://localhost:6333/collections/olmocr_documents/points/scroll "HTTP/1.1 200 OK"
2025-11-25 12:36:30,287 - httpx - INFO - HTTP Request: POST http://localhost:6333/collections/olmocr_documents/points/scroll "HTTP/1.1 200 OK"
2025-11-25 12:36:30,288 - httpx - INFO - HTTP Request: POST http://localhost:6333/collections/olmocr_documents/points/scroll "HTTP/1.1 200 OK"
2025-11-25 12:36:30,289 - httpx - INFO - HTTP Request: POST http://localhost:6333/collections/olmocr_documents/points/scroll "HTTP/1.1 200 OK"
2025-11-25 12:36:30,290 - httpx - INFO - HTTP Request: POST http://localhost:6333/collections/olmocr_documents/points/scroll "HTTP/1.1 200 OK"
2025-11-25 12:36:30,291 - httpx - INFO - HTTP Request: POST http://localhost:6333/collections/olmocr_documents/points/scroll "HTTP/1.1 200 OK"
2025-11-25 12:36:30,292 - httpx - INFO - HTTP Request: POST http://localhost:6333/collections/olmocr_documents/points/scroll "HTTP/1.1 200 OK"
2025-11-25 12:36:30,293 - httpx - INFO - HTTP Request: POST http://localhost:6333/collections/olmocr_documents/points/scroll "HTTP/1.1 200 OK"
2025-11-25 12:36:30,294 - httpx - INFO - HTTP Request: POST http://localhost:6333/collections/olmocr_documents/points/scroll "HTTP/1.1 200 OK"
2025-11-25 12:36:30,295 - httpx - INFO - HTTP Request: POST http://localhost:6333/collections/olmocr_documents/points/scroll "HTTP/1.1 200 OK"
2025-11-25 12:36:30,296 - httpx - INFO - HTTP Request: POST http://localhost:6333/collections/olmocr_documents/points/scroll "HTTP/1.1 200 OK"
2025-11-25 12:36:30,297 - httpx - INFO - HTTP Request: POST http://localhost:6333/collections/olmocr_documents/points/scroll "HTTP/1.1 200 OK"
2025-11-25 12:36:30,298 - httpx - INFO - HTTP Request: POST http://localhost:6333/collections/olmocr_documents/points/scroll "HTTP/1.1 200 OK"
2025-11-25 12:36:30,299 - httpx - INFO - HTTP Request: POST http://localhost:6333/collections/olmocr_documents/points/scroll "HTTP/1.1 200 OK"
2025-11-25 12:36:30,300 - httpx - INFO - HTTP Request: POST http://localhost:6333/collections/olmocr_documents/points/scroll "HTTP/1.1 200 OK"
2025-11-25 12:36:30,301 - httpx - INFO - HTTP Request: POST http://localhost:6333/collections/olmocr_documents/points/scroll "HTTP/1.1 200 OK"
2025-11-25 12:36:30,302 - httpx - INFO - HTTP Request: POST http://localhost:6333/collections/olmocr_documents/points/scroll "HTTP/1.1 200 OK"
2025-11-25 12:36:30,304 - httpx - INFO - HTTP Request: POST http://localhost:6333/collections/olmocr_documents/points/scroll "HTTP/1.1 200 OK"
2025-11-25 12:36:30,305 - httpx - INFO - HTTP Request: POST http://localhost:6333/collections/olmocr_documents/points/scroll "HTTP/1.1 200 OK"
2025-11-25 12:36:30,306 - httpx - INFO - HTTP Request: POST http://localhost:6333/collections/olmocr_documents/points/scroll "HTTP/1.1 200 OK"
2025-11-25 12:36:30,308 - httpx - INFO - HTTP Request: POST http://localhost:6333/collections/olmocr_documents/points/scroll "HTTP/1.1 200 OK"
2025-11-25 12:36:30,309 - httpx - INFO - HTTP Request: POST http://localhost:6333/collections/olmocr_documents/points/scroll "HTTP/1.1 200 OK"
2025-11-25 12:36:30,310 - httpx - INFO - HTTP Request: POST http://localhost:6333/collections/olmocr_documents/points/scroll "HTTP/1.1 200 OK"
2025-11-25 12:36:30,311 - httpx - INFO - HTTP Request: POST http://localhost:6333/collections/olmocr_documents/points/scroll "HTTP/1.1 200 OK"
2025-11-25 12:36:30,312 - httpx - INFO - HTTP Request: POST http://localhost:6333/collections/olmocr_documents/points/scroll "HTTP/1.1 200 OK"
2025-11-25 12:36:30,313 - httpx - INFO - HTTP Request: POST http://localhost:6333/collections/olmocr_documents/points/scroll "HTTP/1.1 200 OK"
2025-11-25 12:36:30,315 - httpx - INFO - HTTP Request: POST http://localhost:6333/collections/olmocr_documents/points/scroll "HTTP/1.1 200 OK"
2025-11-25 12:36:30,316 - httpx - INFO - HTTP Request: POST http://localhost:6333/collections/olmocr_documents/points/scroll "HTTP/1.1 200 OK"
2025-11-25 12:36:30,317 - httpx - INFO - HTTP Request: POST http://localhost:6333/collections/olmocr_documents/points/scroll "HTTP/1.1 200 OK"
2025-11-25 12:36:30,319 - httpx - INFO - HTTP Request: POST http://localhost:6333/collections/olmocr_documents/points/scroll "HTTP/1.1 200 OK"
2025-11-25 12:36:30,321 - httpx - INFO - HTTP Request: POST http://localhost:6333/collections/olmocr_documents/points/scroll "HTTP/1.1 200 OK"
2025-11-25 12:36:30,322 - httpx - INFO - HTTP Request: POST http://localhost:6333/collections/olmocr_documents/points/scroll "HTTP/1.1 200 OK"
2025-11-25 12:36:30,323 - httpx - INFO - HTTP Request: POST http://localhost:6333/collections/olmocr_documents/points/scroll "HTTP/1.1 200 OK"
2025-11-25 12:36:30,325 - httpx - INFO - HTTP Request: POST http://localhost:6333/collections/olmocr_documents/points/scroll "HTTP/1.1 200 OK"
2025-11-25 12:36:30,326 - httpx - INFO - HTTP Request: POST http://localhost:6333/collections/olmocr_documents/points/scroll "HTTP/1.1 200 OK"
2025-11-25 12:36:30,328 - httpx - INFO - HTTP Request: POST http://localhost:6333/collections/olmocr_documents/points/scroll "HTTP/1.1 200 OK"
2025-11-25 12:36:30,329 - httpx - INFO - HTTP Request: POST http://localhost:6333/collections/olmocr_documents/points/scroll "HTTP/1.1 200 OK"
2025-11-25 12:36:30,331 - httpx - INFO - HTTP Request: POST http://localhost:6333/collections/olmocr_documents/points/scroll "HTTP/1.1 200 OK"
2025-11-25 12:36:30,332 - httpx - INFO - HTTP Request: POST http://localhost:6333/collections/olmocr_documents/points/scroll "HTTP/1.1 200 OK"
2025-11-25 12:36:30,334 - httpx - INFO - HTTP Request: POST http://localhost:6333/collections/olmocr_documents/points/scroll "HTTP/1.1 200 OK"
2025-11-25 12:36:30,335 - httpx - INFO - HTTP Request: POST http://localhost:6333/collections/olmocr_documents/points/scroll "HTTP/1.1 200 OK"
2025-11-25 12:36:30,337 - httpx - INFO - HTTP Request: POST http://localhost:6333/collections/olmocr_documents/points/scroll "HTTP/1.1 200 OK"
2025-11-25 12:36:30,338 - httpx - INFO - HTTP Request: POST http://localhost:6333/collections/olmocr_documents/points/scroll "HTTP/1.1 200 OK"
2025-11-25 12:36:30,339 - httpx - INFO - HTTP Request: POST http://localhost:6333/collections/olmocr_documents/points/scroll "HTTP/1.1 200 OK"
2025-11-25 12:36:30,340 - httpx - INFO - HTTP Request: POST http://localhost:6333/collections/olmocr_documents/points/scroll "HTTP/1.1 200 OK"
2025-11-25 12:36:30,341 - httpx - INFO - HTTP Request: POST http://localhost:6333/collections/olmocr_documents/points/scroll "HTTP/1.1 200 OK"
2025-11-25 12:36:30,342 - embedding_pipeline - INFO - 準備添加 715 個新文檔
2025-11-25 12:36:30,812 - httpx - INFO - HTTP Request: POST https://api.openai.com/v1/embeddings "HTTP/1.1 401 Unauthorized"
2025-11-25 12:36:30,812 - embedding_pipeline - WARNING - 批次添加失敗 (嘗試 1/3): Error code: 401 - {'error': {'message': 'Incorrect API key provided: your_ope************here. You can find your API key at https://platform.openai.com/account/api-keys.', 'type': 'invalid_request_error', 'param': None, 'code': 'invalid_api_key'}}
2025-11-25 12:36:31,008 - httpx - INFO - HTTP Request: POST https://api.openai.com/v1/embeddings "HTTP/1.1 401 Unauthorized"
2025-11-25 12:36:31,008 - embedding_pipeline - WARNING - 批次添加失敗 (嘗試 2/3): Error code: 401 - {'error': {'message': 'Incorrect API key provided: your_ope************here. You can find your API key at https://platform.openai.com/account/api-keys.', 'type': 'invalid_request_error', 'param': None, 'code': 'invalid_api_key'}}
2025-11-25 12:36:31,216 - httpx - INFO - HTTP Request: POST https://api.openai.com/v1/embeddings "HTTP/1.1 401 Unauthorized"
2025-11-25 12:36:31,217 - embedding_pipeline - WARNING - 批次添加失敗 (嘗試 3/3): Error code: 401 - {'error': {'message': 'Incorrect API key provided: your_ope************here. You can find your API key at https://platform.openai.com/account/api-keys.', 'type': 'invalid_request_error', 'param': None, 'code': 'invalid_api_key'}}
2025-11-25 12:36:31,217 - embedding_pipeline - ERROR - 批次 1 最終添加失敗
2025-11-25 12:36:31,521 - httpx - INFO - HTTP Request: POST https://api.openai.com/v1/embeddings "HTTP/1.1 401 Unauthorized"
2025-11-25 12:36:31,521 - embedding_pipeline - WARNING - 批次添加失敗 (嘗試 1/3): Error code: 401 - {'error': {'message': 'Incorrect API key provided: your_ope************here. You can find your API key at https://platform.openai.com/account/api-keys.', 'type': 'invalid_request_error', 'param': None, 'code': 'invalid_api_key'}}
2025-11-25 12:36:31,799 - httpx - INFO - HTTP Request: POST https://api.openai.com/v1/embeddings "HTTP/1.1 401 Unauthorized"
2025-11-25 12:36:31,800 - embedding_pipeline - WARNING - 批次添加失敗 (嘗試 2/3): Error code: 401 - {'error': {'message': 'Incorrect API key provided: your_ope************here. You can find your API key at https://platform.openai.com/account/api-keys.', 'type': 'invalid_request_error', 'param': None, 'code': 'invalid_api_key'}}
2025-11-25 12:36:32,087 - httpx - INFO - HTTP Request: POST https://api.openai.com/v1/embeddings "HTTP/1.1 401 Unauthorized"
2025-11-25 12:36:32,087 - embedding_pipeline - WARNING - 批次添加失敗 (嘗試 3/3): Error code: 401 - {'error': {'message': 'Incorrect API key provided: your_ope************here. You can find your API key at https://platform.openai.com/account/api-keys.', 'type': 'invalid_request_error', 'param': None, 'code': 'invalid_api_key'}}
2025-11-25 12:36:32,087 - embedding_pipeline - ERROR - 批次 2 最終添加失敗
2025-11-25 12:36:32,300 - httpx - INFO - HTTP Request: POST https://api.openai.com/v1/embeddings "HTTP/1.1 401 Unauthorized"
2025-11-25 12:36:32,301 - embedding_pipeline - WARNING - 批次添加失敗 (嘗試 1/3): Error code: 401 - {'error': {'message': 'Incorrect API key provided: your_ope************here. You can find your API key at https://platform.openai.com/account/api-keys.', 'type': 'invalid_request_error', 'param': None, 'code': 'invalid_api_key'}}
2025-11-25 12:36:32,499 - httpx - INFO - HTTP Request: POST https://api.openai.com/v1/embeddings "HTTP/1.1 401 Unauthorized"
2025-11-25 12:36:32,500 - embedding_pipeline - WARNING - 批次添加失敗 (嘗試 2/3): Error code: 401 - {'error': {'message': 'Incorrect API key provided: your_ope************here. You can find your API key at https://platform.openai.com/account/api-keys.', 'type': 'invalid_request_error', 'param': None, 'code': 'invalid_api_key'}}
2025-11-25 12:36:32,698 - httpx - INFO - HTTP Request: POST https://api.openai.com/v1/embeddings "HTTP/1.1 401 Unauthorized"
2025-11-25 12:36:32,699 - embedding_pipeline - WARNING - 批次添加失敗 (嘗試 3/3): Error code: 401 - {'error': {'message': 'Incorrect API key provided: your_ope************here. You can find your API key at https://platform.openai.com/account/api-keys.', 'type': 'invalid_request_error', 'param': None, 'code': 'invalid_api_key'}}
2025-11-25 12:36:32,699 - embedding_pipeline - ERROR - 批次 3 最終添加失敗
2025-11-25 12:36:33,003 - httpx - INFO - HTTP Request: POST https://api.openai.com/v1/embeddings "HTTP/1.1 401 Unauthorized"
2025-11-25 12:36:33,003 - embedding_pipeline - WARNING - 批次添加失敗 (嘗試 1/3): Error code: 401 - {'error': {'message': 'Incorrect API key provided: your_ope************here. You can find your API key at https://platform.openai.com/account/api-keys.', 'type': 'invalid_request_error', 'param': None, 'code': 'invalid_api_key'}}
2025-11-25 12:36:33,280 - httpx - INFO - HTTP Request: POST https://api.openai.com/v1/embeddings "HTTP/1.1 401 Unauthorized"
2025-11-25 12:36:33,281 - embedding_pipeline - WARNING - 批次添加失敗 (嘗試 2/3): Error code: 401 - {'error': {'message': 'Incorrect API key provided: your_ope************here. You can find your API key at https://platform.openai.com/account/api-keys.', 'type': 'invalid_request_error', 'param': None, 'code': 'invalid_api_key'}}
2025-11-25 12:36:33,463 - httpx - INFO - HTTP Request: POST https://api.openai.com/v1/embeddings "HTTP/1.1 401 Unauthorized"
2025-11-25 12:36:33,463 - embedding_pipeline - WARNING - 批次添加失敗 (嘗試 3/3): Error code: 401 - {'error': {'message': 'Incorrect API key provided: your_ope************here. You can find your API key at https://platform.openai.com/account/api-keys.', 'type': 'invalid_request_error', 'param': None, 'code': 'invalid_api_key'}}
2025-11-25 12:36:33,463 - embedding_pipeline - ERROR - 批次 4 最終添加失敗
2025-11-25 12:36:33,745 - httpx - INFO - HTTP Request: POST https://api.openai.com/v1/embeddings "HTTP/1.1 401 Unauthorized"
2025-11-25 12:36:33,745 - embedding_pipeline - WARNING - 批次添加失敗 (嘗試 1/3): Error code: 401 - {'error': {'message': 'Incorrect API key provided: your_ope************here. You can find your API key at https://platform.openai.com/account/api-keys.', 'type': 'invalid_request_error', 'param': None, 'code': 'invalid_api_key'}}
2025-11-25 12:36:34,024 - httpx - INFO - HTTP Request: POST https://api.openai.com/v1/embeddings "HTTP/1.1 401 Unauthorized"
2025-11-25 12:36:34,024 - embedding_pipeline - WARNING - 批次添加失敗 (嘗試 2/3): Error code: 401 - {'error': {'message': 'Incorrect API key provided: your_ope************here. You can find your API key at https://platform.openai.com/account/api-keys.', 'type': 'invalid_request_error', 'param': None, 'code': 'invalid_api_key'}}
2025-11-25 12:36:34,358 - httpx - INFO - HTTP Request: POST https://api.openai.com/v1/embeddings "HTTP/1.1 401 Unauthorized"
2025-11-25 12:36:34,358 - embedding_pipeline - WARNING - 批次添加失敗 (嘗試 3/3): Error code: 401 - {'error': {'message': 'Incorrect API key provided: your_ope************here. You can find your API key at https://platform.openai.com/account/api-keys.', 'type': 'invalid_request_error', 'param': None, 'code': 'invalid_api_key'}}
2025-11-25 12:36:34,358 - embedding_pipeline - ERROR - 批次 5 最終添加失敗
2025-11-25 12:36:34,668 - httpx - INFO - HTTP Request: POST https://api.openai.com/v1/embeddings "HTTP/1.1 401 Unauthorized"
2025-11-25 12:36:34,668 - embedding_pipeline - WARNING - 批次添加失敗 (嘗試 1/3): Error code: 401 - {'error': {'message': 'Incorrect API key provided: your_ope************here. You can find your API key at https://platform.openai.com/account/api-keys.', 'type': 'invalid_request_error', 'param': None, 'code': 'invalid_api_key'}}
2025-11-25 12:36:34,853 - httpx - INFO - HTTP Request: POST https://api.openai.com/v1/embeddings "HTTP/1.1 401 Unauthorized"
2025-11-25 12:36:34,854 - embedding_pipeline - WARNING - 批次添加失敗 (嘗試 2/3): Error code: 401 - {'error': {'message': 'Incorrect API key provided: your_ope************here. You can find your API key at https://platform.openai.com/account/api-keys.', 'type': 'invalid_request_error', 'param': None, 'code': 'invalid_api_key'}}
2025-11-25 12:36:35,136 - httpx - INFO - HTTP Request: POST https://api.openai.com/v1/embeddings "HTTP/1.1 401 Unauthorized"
2025-11-25 12:36:35,137 - embedding_pipeline - WARNING - 批次添加失敗 (嘗試 3/3): Error code: 401 - {'error': {'message': 'Incorrect API key provided: your_ope************here. You can find your API key at https://platform.openai.com/account/api-keys.', 'type': 'invalid_request_error', 'param': None, 'code': 'invalid_api_key'}}
2025-11-25 12:36:35,137 - embedding_pipeline - ERROR - 批次 6 最終添加失敗
2025-11-25 12:36:35,400 - httpx - INFO - HTTP Request: POST https://api.openai.com/v1/embeddings "HTTP/1.1 401 Unauthorized"
2025-11-25 12:36:35,401 - embedding_pipeline - WARNING - 批次添加失敗 (嘗試 1/3): Error code: 401 - {'error': {'message': 'Incorrect API key provided: your_ope************here. You can find your API key at https://platform.openai.com/account/api-keys.', 'type': 'invalid_request_error', 'param': None, 'code': 'invalid_api_key'}}
2025-11-25 12:36:35,689 - httpx - INFO - HTTP Request: POST https://api.openai.com/v1/embeddings "HTTP/1.1 401 Unauthorized"
2025-11-25 12:36:35,689 - embedding_pipeline - WARNING - 批次添加失敗 (嘗試 2/3): Error code: 401 - {'error': {'message': 'Incorrect API key provided: your_ope************here. You can find your API key at https://platform.openai.com/account/api-keys.', 'type': 'invalid_request_error', 'param': None, 'code': 'invalid_api_key'}}
2025-11-25 12:36:35,892 - httpx - INFO - HTTP Request: POST https://api.openai.com/v1/embeddings "HTTP/1.1 401 Unauthorized"
2025-11-25 12:36:35,893 - embedding_pipeline - WARNING - 批次添加失敗 (嘗試 3/3): Error code: 401 - {'error': {'message': 'Incorrect API key provided: your_ope************here. You can find your API key at https://platform.openai.com/account/api-keys.', 'type': 'invalid_request_error', 'param': None, 'code': 'invalid_api_key'}}
2025-11-25 12:36:35,893 - embedding_pipeline - ERROR - 批次 7 最終添加失敗
2025-11-25 12:36:36,176 - httpx - INFO - HTTP Request: POST https://api.openai.com/v1/embeddings "HTTP/1.1 401 Unauthorized"
2025-11-25 12:36:36,176 - embedding_pipeline - WARNING - 批次添加失敗 (嘗試 1/3): Error code: 401 - {'error': {'message': 'Incorrect API key provided: your_ope************here. You can find your API key at https://platform.openai.com/account/api-keys.', 'type': 'invalid_request_error', 'param': None, 'code': 'invalid_api_key'}}
2025-11-25 12:36:36,467 - httpx - INFO - HTTP Request: POST https://api.openai.com/v1/embeddings "HTTP/1.1 401 Unauthorized"
2025-11-25 12:36:36,467 - embedding_pipeline - WARNING - 批次添加失敗 (嘗試 2/3): Error code: 401 - {'error': {'message': 'Incorrect API key provided: your_ope************here. You can find your API key at https://platform.openai.com/account/api-keys.', 'type': 'invalid_request_error', 'param': None, 'code': 'invalid_api_key'}}
2025-11-25 12:36:36,652 - httpx - INFO - HTTP Request: POST https://api.openai.com/v1/embeddings "HTTP/1.1 401 Unauthorized"
2025-11-25 12:36:36,653 - embedding_pipeline - WARNING - 批次添加失敗 (嘗試 3/3): Error code: 401 - {'error': {'message': 'Incorrect API key provided: your_ope************here. You can find your API key at https://platform.openai.com/account/api-keys.', 'type': 'invalid_request_error', 'param': None, 'code': 'invalid_api_key'}}
2025-11-25 12:36:36,653 - embedding_pipeline - ERROR - 批次 8 最終添加失敗
2025-11-25 12:36:36,832 - httpx - INFO - HTTP Request: POST https://api.openai.com/v1/embeddings "HTTP/1.1 401 Unauthorized"
2025-11-25 12:36:36,832 - embedding_pipeline - WARNING - 批次添加失敗 (嘗試 1/3): Error code: 401 - {'error': {'message': 'Incorrect API key provided: your_ope************here. You can find your API key at https://platform.openai.com/account/api-keys.', 'type': 'invalid_request_error', 'param': None, 'code': 'invalid_api_key'}}
2025-11-25 12:36:37,095 - httpx - INFO - HTTP Request: POST https://api.openai.com/v1/embeddings "HTTP/1.1 401 Unauthorized"
2025-11-25 12:36:37,096 - embedding_pipeline - WARNING - 批次添加失敗 (嘗試 2/3): Error code: 401 - {'error': {'message': 'Incorrect API key provided: your_ope************here. You can find your API key at https://platform.openai.com/account/api-keys.', 'type': 'invalid_request_error', 'param': None, 'code': 'invalid_api_key'}}
2025-11-25 12:36:37,376 - httpx - INFO - HTTP Request: POST https://api.openai.com/v1/embeddings "HTTP/1.1 401 Unauthorized"
2025-11-25 12:36:37,377 - embedding_pipeline - WARNING - 批次添加失敗 (嘗試 3/3): Error code: 401 - {'error': {'message': 'Incorrect API key provided: your_ope************here. You can find your API key at https://platform.openai.com/account/api-keys.', 'type': 'invalid_request_error', 'param': None, 'code': 'invalid_api_key'}}
2025-11-25 12:36:37,377 - embedding_pipeline - ERROR - 批次 9 最終添加失敗
2025-11-25 12:36:37,675 - httpx - INFO - HTTP Request: POST https://api.openai.com/v1/embeddings "HTTP/1.1 401 Unauthorized"
2025-11-25 12:36:37,675 - embedding_pipeline - WARNING - 批次添加失敗 (嘗試 1/3): Error code: 401 - {'error': {'message': 'Incorrect API key provided: your_ope************here. You can find your API key at https://platform.openai.com/account/api-keys.', 'type': 'invalid_request_error', 'param': None, 'code': 'invalid_api_key'}}
2025-11-25 12:36:37,871 - httpx - INFO - HTTP Request: POST https://api.openai.com/v1/embeddings "HTTP/1.1 401 Unauthorized"
2025-11-25 12:36:37,872 - embedding_pipeline - WARNING - 批次添加失敗 (嘗試 2/3): Error code: 401 - {'error': {'message': 'Incorrect API key provided: your_ope************here. You can find your API key at https://platform.openai.com/account/api-keys.', 'type': 'invalid_request_error', 'param': None, 'code': 'invalid_api_key'}}
2025-11-25 12:36:38,073 - httpx - INFO - HTTP Request: POST https://api.openai.com/v1/embeddings "HTTP/1.1 401 Unauthorized"
2025-11-25 12:36:38,074 - embedding_pipeline - WARNING - 批次添加失敗 (嘗試 3/3): Error code: 401 - {'error': {'message': 'Incorrect API key provided: your_ope************here. You can find your API key at https://platform.openai.com/account/api-keys.', 'type': 'invalid_request_error', 'param': None, 'code': 'invalid_api_key'}}
2025-11-25 12:36:38,074 - embedding_pipeline - ERROR - 批次 10 最終添加失敗
2025-11-25 12:36:38,363 - httpx - INFO - HTTP Request: POST https://api.openai.com/v1/embeddings "HTTP/1.1 401 Unauthorized"
2025-11-25 12:36:38,363 - embedding_pipeline - WARNING - 批次添加失敗 (嘗試 1/3): Error code: 401 - {'error': {'message': 'Incorrect API key provided: your_ope************here. You can find your API key at https://platform.openai.com/account/api-keys.', 'type': 'invalid_request_error', 'param': None, 'code': 'invalid_api_key'}}
2025-11-25 12:36:38,558 - httpx - INFO - HTTP Request: POST https://api.openai.com/v1/embeddings "HTTP/1.1 401 Unauthorized"
2025-11-25 12:36:38,559 - embedding_pipeline - WARNING - 批次添加失敗 (嘗試 2/3): Error code: 401 - {'error': {'message': 'Incorrect API key provided: your_ope************here. You can find your API key at https://platform.openai.com/account/api-keys.', 'type': 'invalid_request_error', 'param': None, 'code': 'invalid_api_key'}}
2025-11-25 12:36:38,842 - httpx - INFO - HTTP Request: POST https://api.openai.com/v1/embeddings "HTTP/1.1 401 Unauthorized"
2025-11-25 12:36:38,842 - embedding_pipeline - WARNING - 批次添加失敗 (嘗試 3/3): Error code: 401 - {'error': {'message': 'Incorrect API key provided: your_ope************here. You can find your API key at https://platform.openai.com/account/api-keys.', 'type': 'invalid_request_error', 'param': None, 'code': 'invalid_api_key'}}
2025-11-25 12:36:38,842 - embedding_pipeline - ERROR - 批次 11 最終添加失敗
2025-11-25 12:36:39,030 - httpx - INFO - HTTP Request: POST https://api.openai.com/v1/embeddings "HTTP/1.1 401 Unauthorized"
2025-11-25 12:36:39,031 - embedding_pipeline - WARNING - 批次添加失敗 (嘗試 1/3): Error code: 401 - {'error': {'message': 'Incorrect API key provided: your_ope************here. You can find your API key at https://platform.openai.com/account/api-keys.', 'type': 'invalid_request_error', 'param': None, 'code': 'invalid_api_key'}}
2025-11-25 12:36:39,248 - httpx - INFO - HTTP Request: POST https://api.openai.com/v1/embeddings "HTTP/1.1 401 Unauthorized"
2025-11-25 12:36:39,248 - embedding_pipeline - WARNING - 批次添加失敗 (嘗試 2/3): Error code: 401 - {'error': {'message': 'Incorrect API key provided: your_ope************here. You can find your API key at https://platform.openai.com/account/api-keys.', 'type': 'invalid_request_error', 'param': None, 'code': 'invalid_api_key'}}
2025-11-25 12:36:39,437 - httpx - INFO - HTTP Request: POST https://api.openai.com/v1/embeddings "HTTP/1.1 401 Unauthorized"
2025-11-25 12:36:39,437 - embedding_pipeline - WARNING - 批次添加失敗 (嘗試 3/3): Error code: 401 - {'error': {'message': 'Incorrect API key provided: your_ope************here. You can find your API key at https://platform.openai.com/account/api-keys.', 'type': 'invalid_request_error', 'param': None, 'code': 'invalid_api_key'}}
2025-11-25 12:36:39,437 - embedding_pipeline - ERROR - 批次 12 最終添加失敗
2025-11-25 12:36:39,617 - httpx - INFO - HTTP Request: POST https://api.openai.com/v1/embeddings "HTTP/1.1 401 Unauthorized"
2025-11-25 12:36:39,617 - embedding_pipeline - WARNING - 批次添加失敗 (嘗試 1/3): Error code: 401 - {'error': {'message': 'Incorrect API key provided: your_ope************here. You can find your API key at https://platform.openai.com/account/api-keys.', 'type': 'invalid_request_error', 'param': None, 'code': 'invalid_api_key'}}
2025-11-25 12:36:39,898 - httpx - INFO - HTTP Request: POST https://api.openai.com/v1/embeddings "HTTP/1.1 401 Unauthorized"
2025-11-25 12:36:39,899 - embedding_pipeline - WARNING - 批次添加失敗 (嘗試 2/3): Error code: 401 - {'error': {'message': 'Incorrect API key provided: your_ope************here. You can find your API key at https://platform.openai.com/account/api-keys.', 'type': 'invalid_request_error', 'param': None, 'code': 'invalid_api_key'}}
2025-11-25 12:36:40,203 - httpx - INFO - HTTP Request: POST https://api.openai.com/v1/embeddings "HTTP/1.1 401 Unauthorized"
2025-11-25 12:36:40,203 - embedding_pipeline - WARNING - 批次添加失敗 (嘗試 3/3): Error code: 401 - {'error': {'message': 'Incorrect API key provided: your_ope************here. You can find your API key at https://platform.openai.com/account/api-keys.', 'type': 'invalid_request_error', 'param': None, 'code': 'invalid_api_key'}}
2025-11-25 12:36:40,203 - embedding_pipeline - ERROR - 批次 13 最終添加失敗
2025-11-25 12:36:40,483 - httpx - INFO - HTTP Request: POST https://api.openai.com/v1/embeddings "HTTP/1.1 401 Unauthorized"
2025-11-25 12:36:40,483 - embedding_pipeline - WARNING - 批次添加失敗 (嘗試 1/3): Error code: 401 - {'error': {'message': 'Incorrect API key provided: your_ope************here. You can find your API key at https://platform.openai.com/account/api-keys.', 'type': 'invalid_request_error', 'param': None, 'code': 'invalid_api_key'}}
2025-11-25 12:36:40,762 - httpx - INFO - HTTP Request: POST https://api.openai.com/v1/embeddings "HTTP/1.1 401 Unauthorized"
2025-11-25 12:36:40,762 - embedding_pipeline - WARNING - 批次添加失敗 (嘗試 2/3): Error code: 401 - {'error': {'message': 'Incorrect API key provided: your_ope************here. You can find your API key at https://platform.openai.com/account/api-keys.', 'type': 'invalid_request_error', 'param': None, 'code': 'invalid_api_key'}}
2025-11-25 12:36:41,074 - httpx - INFO - HTTP Request: POST https://api.openai.com/v1/embeddings "HTTP/1.1 401 Unauthorized"
2025-11-25 12:36:41,075 - embedding_pipeline - WARNING - 批次添加失敗 (嘗試 3/3): Error code: 401 - {'error': {'message': 'Incorrect API key provided: your_ope************here. You can find your API key at https://platform.openai.com/account/api-keys.', 'type': 'invalid_request_error', 'param': None, 'code': 'invalid_api_key'}}
2025-11-25 12:36:41,075 - embedding_pipeline - ERROR - 批次 14 最終添加失敗
2025-11-25 12:36:41,358 - httpx - INFO - HTTP Request: POST https://api.openai.com/v1/embeddings "HTTP/1.1 401 Unauthorized"
2025-11-25 12:36:41,358 - embedding_pipeline - WARNING - 批次添加失敗 (嘗試 1/3): Error code: 401 - {'error': {'message': 'Incorrect API key provided: your_ope************here. You can find your API key at https://platform.openai.com/account/api-keys.', 'type': 'invalid_request_error', 'param': None, 'code': 'invalid_api_key'}}
2025-11-25 12:36:41,646 - httpx - INFO - HTTP Request: POST https://api.openai.com/v1/embeddings "HTTP/1.1 401 Unauthorized"
2025-11-25 12:36:41,647 - embedding_pipeline - WARNING - 批次添加失敗 (嘗試 2/3): Error code: 401 - {'error': {'message': 'Incorrect API key provided: your_ope************here. You can find your API key at https://platform.openai.com/account/api-keys.', 'type': 'invalid_request_error', 'param': None, 'code': 'invalid_api_key'}}
2025-11-25 12:36:41,932 - httpx - INFO - HTTP Request: POST https://api.openai.com/v1/embeddings "HTTP/1.1 401 Unauthorized"
2025-11-25 12:36:41,933 - embedding_pipeline - WARNING - 批次添加失敗 (嘗試 3/3): Error code: 401 - {'error': {'message': 'Incorrect API key provided: your_ope************here. You can find your API key at https://platform.openai.com/account/api-keys.', 'type': 'invalid_request_error', 'param': None, 'code': 'invalid_api_key'}}
2025-11-25 12:36:41,933 - embedding_pipeline - ERROR - 批次 15 最終添加失敗
2025-11-25 12:36:41,935 - httpx - INFO - HTTP Request: GET http://localhost:6333/collections/olmocr_documents "HTTP/1.1 200 OK"
2025-11-25 12:36:41,936 - embedding_pipeline - INFO - 📊 集合總向量數量: 0
2025-11-25 12:36:41,936 - embedding_pipeline - INFO - 🎉 Embedding Pipeline 執行完成！
2025-11-25 12:36:41,936 - embedding_pipeline - INFO - 📊 處理統計: 處理文檔 715 個，添加 0 個
2025-11-25 12:36:41,938 - httpx - INFO - HTTP Request: GET http://localhost:6333/collections/olmocr_documents "HTTP/1.1 200 OK"
2025-11-25 12:37:25,201 - httpx - INFO - HTTP Request: GET http://localhost:6333 "HTTP/1.1 200 OK"
2025-11-25 12:37:25,206 - embedding_pipeline - INFO - 🚀 開始 Embedding Pipeline 執行...
2025-11-25 12:37:25,206 - embedding_pipeline - INFO - 📁 載入 OLMoCR 結果...
2025-11-25 12:37:25,206 - embedding_pipeline - INFO - 找到 5 個 OLMoCR 結果文件
2025-11-25 12:37:25,207 - embedding_pipeline - INFO - 從 IF_2020_Scaling_Laws_20251124.jsonl 載入了 1 筆記錄
2025-11-25 12:37:25,207 - embedding_pipeline - INFO - 從 IF_2023_RefinedWeb_20251124.jsonl 載入了 1 筆記錄
2025-11-25 12:37:25,207 - embedding_pipeline - INFO - 從 IF_2022_LAION_5B_20251124.jsonl 載入了 1 筆記錄
2025-11-25 12:37:25,208 - embedding_pipeline - INFO - 從 IF_2019_ZeRO_20251124.jsonl 載入了 1 筆記錄
2025-11-25 12:37:25,208 - embedding_pipeline - INFO - 從 IF_2024_MegaScale_20251124.jsonl 載入了 1 筆記錄
2025-11-25 12:37:25,208 - embedding_pipeline - INFO - 總共載入 5 筆 OLMoCR 記錄
2025-11-25 12:37:25,208 - embedding_pipeline - INFO - 📝 處理文檔...
2025-11-25 12:37:25,220 - embedding_pipeline - INFO - 生成了 715 個文檔塊
2025-11-25 12:37:25,220 - embedding_pipeline - INFO - 🗄️ 準備向量資料庫...
2025-11-25 12:37:25,221 - httpx - INFO - HTTP Request: GET http://localhost:6333/collections/olmocr_documents/exists "HTTP/1.1 200 OK"
2025-11-25 12:37:25,221 - embedding_pipeline - INFO - 創建新集合: olmocr_documents
2025-11-25 12:37:25,485 - httpx - INFO - HTTP Request: PUT http://localhost:6333/collections/olmocr_documents "HTTP/1.1 200 OK"
2025-11-25 12:37:25,486 - embedding_pipeline - INFO - ✅ 集合創建成功
2025-11-25 12:37:25,486 - embedding_pipeline - INFO - 💾 添加文檔到向量資料庫...
2025-11-25 12:37:25,488 - httpx - INFO - HTTP Request: POST http://localhost:6333/collections/olmocr_documents/points/scroll "HTTP/1.1 200 OK"
2025-11-25 12:37:25,490 - httpx - INFO - HTTP Request: POST http://localhost:6333/collections/olmocr_documents/points/scroll "HTTP/1.1 200 OK"
2025-11-25 12:37:25,491 - httpx - INFO - HTTP Request: POST http://localhost:6333/collections/olmocr_documents/points/scroll "HTTP/1.1 200 OK"
2025-11-25 12:37:25,492 - httpx - INFO - HTTP Request: POST http://localhost:6333/collections/olmocr_documents/points/scroll "HTTP/1.1 200 OK"
2025-11-25 12:37:25,493 - httpx - INFO - HTTP Request: POST http://localhost:6333/collections/olmocr_documents/points/scroll "HTTP/1.1 200 OK"
2025-11-25 12:37:25,495 - httpx - INFO - HTTP Request: POST http://localhost:6333/collections/olmocr_documents/points/scroll "HTTP/1.1 200 OK"
2025-11-25 12:37:25,496 - httpx - INFO - HTTP Request: POST http://localhost:6333/collections/olmocr_documents/points/scroll "HTTP/1.1 200 OK"
2025-11-25 12:37:25,497 - httpx - INFO - HTTP Request: POST http://localhost:6333/collections/olmocr_documents/points/scroll "HTTP/1.1 200 OK"
2025-11-25 12:37:25,498 - httpx - INFO - HTTP Request: POST http://localhost:6333/collections/olmocr_documents/points/scroll "HTTP/1.1 200 OK"
2025-11-25 12:37:25,499 - httpx - INFO - HTTP Request: POST http://localhost:6333/collections/olmocr_documents/points/scroll "HTTP/1.1 200 OK"
2025-11-25 12:37:25,500 - httpx - INFO - HTTP Request: POST http://localhost:6333/collections/olmocr_documents/points/scroll "HTTP/1.1 200 OK"
2025-11-25 12:37:25,501 - httpx - INFO - HTTP Request: POST http://localhost:6333/collections/olmocr_documents/points/scroll "HTTP/1.1 200 OK"
2025-11-25 12:37:25,502 - httpx - INFO - HTTP Request: POST http://localhost:6333/collections/olmocr_documents/points/scroll "HTTP/1.1 200 OK"
2025-11-25 12:37:25,503 - httpx - INFO - HTTP Request: POST http://localhost:6333/collections/olmocr_documents/points/scroll "HTTP/1.1 200 OK"
2025-11-25 12:37:25,504 - httpx - INFO - HTTP Request: POST http://localhost:6333/collections/olmocr_documents/points/scroll "HTTP/1.1 200 OK"
2025-11-25 12:37:25,505 - httpx - INFO - HTTP Request: POST http://localhost:6333/collections/olmocr_documents/points/scroll "HTTP/1.1 200 OK"
2025-11-25 12:37:25,506 - httpx - INFO - HTTP Request: POST http://localhost:6333/collections/olmocr_documents/points/scroll "HTTP/1.1 200 OK"
2025-11-25 12:37:25,507 - httpx - INFO - HTTP Request: POST http://localhost:6333/collections/olmocr_documents/points/scroll "HTTP/1.1 200 OK"
2025-11-25 12:37:25,508 - httpx - INFO - HTTP Request: POST http://localhost:6333/collections/olmocr_documents/points/scroll "HTTP/1.1 200 OK"
2025-11-25 12:37:25,509 - httpx - INFO - HTTP Request: POST http://localhost:6333/collections/olmocr_documents/points/scroll "HTTP/1.1 200 OK"
2025-11-25 12:37:25,510 - httpx - INFO - HTTP Request: POST http://localhost:6333/collections/olmocr_documents/points/scroll "HTTP/1.1 200 OK"
2025-11-25 12:37:25,511 - httpx - INFO - HTTP Request: POST http://localhost:6333/collections/olmocr_documents/points/scroll "HTTP/1.1 200 OK"
2025-11-25 12:37:25,512 - httpx - INFO - HTTP Request: POST http://localhost:6333/collections/olmocr_documents/points/scroll "HTTP/1.1 200 OK"
2025-11-25 12:37:25,513 - httpx - INFO - HTTP Request: POST http://localhost:6333/collections/olmocr_documents/points/scroll "HTTP/1.1 200 OK"
2025-11-25 12:37:25,514 - httpx - INFO - HTTP Request: POST http://localhost:6333/collections/olmocr_documents/points/scroll "HTTP/1.1 200 OK"
2025-11-25 12:37:25,516 - httpx - INFO - HTTP Request: POST http://localhost:6333/collections/olmocr_documents/points/scroll "HTTP/1.1 200 OK"
2025-11-25 12:37:25,517 - httpx - INFO - HTTP Request: POST http://localhost:6333/collections/olmocr_documents/points/scroll "HTTP/1.1 200 OK"
2025-11-25 12:37:25,518 - httpx - INFO - HTTP Request: POST http://localhost:6333/collections/olmocr_documents/points/scroll "HTTP/1.1 200 OK"
2025-11-25 12:37:25,519 - httpx - INFO - HTTP Request: POST http://localhost:6333/collections/olmocr_documents/points/scroll "HTTP/1.1 200 OK"
2025-11-25 12:37:25,520 - httpx - INFO - HTTP Request: POST http://localhost:6333/collections/olmocr_documents/points/scroll "HTTP/1.1 200 OK"
2025-11-25 12:37:25,521 - httpx - INFO - HTTP Request: POST http://localhost:6333/collections/olmocr_documents/points/scroll "HTTP/1.1 200 OK"
2025-11-25 12:37:25,522 - httpx - INFO - HTTP Request: POST http://localhost:6333/collections/olmocr_documents/points/scroll "HTTP/1.1 200 OK"
2025-11-25 12:37:25,524 - httpx - INFO - HTTP Request: POST http://localhost:6333/collections/olmocr_documents/points/scroll "HTTP/1.1 200 OK"
2025-11-25 12:37:25,525 - httpx - INFO - HTTP Request: POST http://localhost:6333/collections/olmocr_documents/points/scroll "HTTP/1.1 200 OK"
2025-11-25 12:37:25,526 - httpx - INFO - HTTP Request: POST http://localhost:6333/collections/olmocr_documents/points/scroll "HTTP/1.1 200 OK"
2025-11-25 12:37:25,527 - httpx - INFO - HTTP Request: POST http://localhost:6333/collections/olmocr_documents/points/scroll "HTTP/1.1 200 OK"
2025-11-25 12:37:25,528 - httpx - INFO - HTTP Request: POST http://localhost:6333/collections/olmocr_documents/points/scroll "HTTP/1.1 200 OK"
2025-11-25 12:37:25,529 - httpx - INFO - HTTP Request: POST http://localhost:6333/collections/olmocr_documents/points/scroll "HTTP/1.1 200 OK"
2025-11-25 12:37:25,530 - httpx - INFO - HTTP Request: POST http://localhost:6333/collections/olmocr_documents/points/scroll "HTTP/1.1 200 OK"
2025-11-25 12:37:25,531 - httpx - INFO - HTTP Request: POST http://localhost:6333/collections/olmocr_documents/points/scroll "HTTP/1.1 200 OK"
2025-11-25 12:37:25,532 - httpx - INFO - HTTP Request: POST http://localhost:6333/collections/olmocr_documents/points/scroll "HTTP/1.1 200 OK"
2025-11-25 12:37:25,533 - httpx - INFO - HTTP Request: POST http://localhost:6333/collections/olmocr_documents/points/scroll "HTTP/1.1 200 OK"
2025-11-25 12:37:25,534 - httpx - INFO - HTTP Request: POST http://localhost:6333/collections/olmocr_documents/points/scroll "HTTP/1.1 200 OK"
2025-11-25 12:37:25,535 - httpx - INFO - HTTP Request: POST http://localhost:6333/collections/olmocr_documents/points/scroll "HTTP/1.1 200 OK"
2025-11-25 12:37:25,536 - httpx - INFO - HTTP Request: POST http://localhost:6333/collections/olmocr_documents/points/scroll "HTTP/1.1 200 OK"
2025-11-25 12:37:25,538 - httpx - INFO - HTTP Request: POST http://localhost:6333/collections/olmocr_documents/points/scroll "HTTP/1.1 200 OK"
2025-11-25 12:37:25,539 - httpx - INFO - HTTP Request: POST http://localhost:6333/collections/olmocr_documents/points/scroll "HTTP/1.1 200 OK"
2025-11-25 12:37:25,540 - httpx - INFO - HTTP Request: POST http://localhost:6333/collections/olmocr_documents/points/scroll "HTTP/1.1 200 OK"
2025-11-25 12:37:25,541 - httpx - INFO - HTTP Request: POST http://localhost:6333/collections/olmocr_documents/points/scroll "HTTP/1.1 200 OK"
2025-11-25 12:37:25,542 - httpx - INFO - HTTP Request: POST http://localhost:6333/collections/olmocr_documents/points/scroll "HTTP/1.1 200 OK"
2025-11-25 12:37:25,543 - httpx - INFO - HTTP Request: POST http://localhost:6333/collections/olmocr_documents/points/scroll "HTTP/1.1 200 OK"
2025-11-25 12:37:25,544 - httpx - INFO - HTTP Request: POST http://localhost:6333/collections/olmocr_documents/points/scroll "HTTP/1.1 200 OK"
2025-11-25 12:37:25,546 - httpx - INFO - HTTP Request: POST http://localhost:6333/collections/olmocr_documents/points/scroll "HTTP/1.1 200 OK"
2025-11-25 12:37:25,547 - httpx - INFO - HTTP Request: POST http://localhost:6333/collections/olmocr_documents/points/scroll "HTTP/1.1 200 OK"
2025-11-25 12:37:25,548 - httpx - INFO - HTTP Request: POST http://localhost:6333/collections/olmocr_documents/points/scroll "HTTP/1.1 200 OK"
2025-11-25 12:37:25,549 - httpx - INFO - HTTP Request: POST http://localhost:6333/collections/olmocr_documents/points/scroll "HTTP/1.1 200 OK"
2025-11-25 12:37:25,550 - httpx - INFO - HTTP Request: POST http://localhost:6333/collections/olmocr_documents/points/scroll "HTTP/1.1 200 OK"
2025-11-25 12:37:25,551 - httpx - INFO - HTTP Request: POST http://localhost:6333/collections/olmocr_documents/points/scroll "HTTP/1.1 200 OK"
2025-11-25 12:37:25,553 - httpx - INFO - HTTP Request: POST http://localhost:6333/collections/olmocr_documents/points/scroll "HTTP/1.1 200 OK"
2025-11-25 12:37:25,554 - httpx - INFO - HTTP Request: POST http://localhost:6333/collections/olmocr_documents/points/scroll "HTTP/1.1 200 OK"
2025-11-25 12:37:25,556 - httpx - INFO - HTTP Request: POST http://localhost:6333/collections/olmocr_documents/points/scroll "HTTP/1.1 200 OK"
2025-11-25 12:37:25,557 - httpx - INFO - HTTP Request: POST http://localhost:6333/collections/olmocr_documents/points/scroll "HTTP/1.1 200 OK"
2025-11-25 12:37:25,558 - httpx - INFO - HTTP Request: POST http://localhost:6333/collections/olmocr_documents/points/scroll "HTTP/1.1 200 OK"
2025-11-25 12:37:25,559 - httpx - INFO - HTTP Request: POST http://localhost:6333/collections/olmocr_documents/points/scroll "HTTP/1.1 200 OK"
2025-11-25 12:37:25,561 - httpx - INFO - HTTP Request: POST http://localhost:6333/collections/olmocr_documents/points/scroll "HTTP/1.1 200 OK"
2025-11-25 12:37:25,562 - httpx - INFO - HTTP Request: POST http://localhost:6333/collections/olmocr_documents/points/scroll "HTTP/1.1 200 OK"
2025-11-25 12:37:25,563 - httpx - INFO - HTTP Request: POST http://localhost:6333/collections/olmocr_documents/points/scroll "HTTP/1.1 200 OK"
2025-11-25 12:37:25,564 - httpx - INFO - HTTP Request: POST http://localhost:6333/collections/olmocr_documents/points/scroll "HTTP/1.1 200 OK"
2025-11-25 12:37:25,565 - httpx - INFO - HTTP Request: POST http://localhost:6333/collections/olmocr_documents/points/scroll "HTTP/1.1 200 OK"
2025-11-25 12:37:25,566 - httpx - INFO - HTTP Request: POST http://localhost:6333/collections/olmocr_documents/points/scroll "HTTP/1.1 200 OK"
2025-11-25 12:37:25,567 - httpx - INFO - HTTP Request: POST http://localhost:6333/collections/olmocr_documents/points/scroll "HTTP/1.1 200 OK"
2025-11-25 12:37:25,568 - httpx - INFO - HTTP Request: POST http://localhost:6333/collections/olmocr_documents/points/scroll "HTTP/1.1 200 OK"
2025-11-25 12:37:25,569 - httpx - INFO - HTTP Request: POST http://localhost:6333/collections/olmocr_documents/points/scroll "HTTP/1.1 200 OK"
2025-11-25 12:37:25,570 - httpx - INFO - HTTP Request: POST http://localhost:6333/collections/olmocr_documents/points/scroll "HTTP/1.1 200 OK"
2025-11-25 12:37:25,571 - httpx - INFO - HTTP Request: POST http://localhost:6333/collections/olmocr_documents/points/scroll "HTTP/1.1 200 OK"
2025-11-25 12:37:25,572 - httpx - INFO - HTTP Request: POST http://localhost:6333/collections/olmocr_documents/points/scroll "HTTP/1.1 200 OK"
2025-11-25 12:37:25,573 - httpx - INFO - HTTP Request: POST http://localhost:6333/collections/olmocr_documents/points/scroll "HTTP/1.1 200 OK"
2025-11-25 12:37:25,575 - httpx - INFO - HTTP Request: POST http://localhost:6333/collections/olmocr_documents/points/scroll "HTTP/1.1 200 OK"
2025-11-25 12:37:25,576 - httpx - INFO - HTTP Request: POST http://localhost:6333/collections/olmocr_documents/points/scroll "HTTP/1.1 200 OK"
2025-11-25 12:37:25,578 - httpx - INFO - HTTP Request: POST http://localhost:6333/collections/olmocr_documents/points/scroll "HTTP/1.1 200 OK"
2025-11-25 12:37:25,579 - httpx - INFO - HTTP Request: POST http://localhost:6333/collections/olmocr_documents/points/scroll "HTTP/1.1 200 OK"
2025-11-25 12:37:25,581 - httpx - INFO - HTTP Request: POST http://localhost:6333/collections/olmocr_documents/points/scroll "HTTP/1.1 200 OK"
2025-11-25 12:37:25,582 - httpx - INFO - HTTP Request: POST http://localhost:6333/collections/olmocr_documents/points/scroll "HTTP/1.1 200 OK"
2025-11-25 12:37:25,584 - httpx - INFO - HTTP Request: POST http://localhost:6333/collections/olmocr_documents/points/scroll "HTTP/1.1 200 OK"
2025-11-25 12:37:25,585 - httpx - INFO - HTTP Request: POST http://localhost:6333/collections/olmocr_documents/points/scroll "HTTP/1.1 200 OK"
2025-11-25 12:37:25,587 - httpx - INFO - HTTP Request: POST http://localhost:6333/collections/olmocr_documents/points/scroll "HTTP/1.1 200 OK"
2025-11-25 12:37:25,588 - httpx - INFO - HTTP Request: POST http://localhost:6333/collections/olmocr_documents/points/scroll "HTTP/1.1 200 OK"
2025-11-25 12:37:25,590 - httpx - INFO - HTTP Request: POST http://localhost:6333/collections/olmocr_documents/points/scroll "HTTP/1.1 200 OK"
2025-11-25 12:37:25,591 - httpx - INFO - HTTP Request: POST http://localhost:6333/collections/olmocr_documents/points/scroll "HTTP/1.1 200 OK"
2025-11-25 12:37:25,592 - httpx - INFO - HTTP Request: POST http://localhost:6333/collections/olmocr_documents/points/scroll "HTTP/1.1 200 OK"
2025-11-25 12:37:25,594 - httpx - INFO - HTTP Request: POST http://localhost:6333/collections/olmocr_documents/points/scroll "HTTP/1.1 200 OK"
2025-11-25 12:37:25,595 - httpx - INFO - HTTP Request: POST http://localhost:6333/collections/olmocr_documents/points/scroll "HTTP/1.1 200 OK"
2025-11-25 12:37:25,596 - httpx - INFO - HTTP Request: POST http://localhost:6333/collections/olmocr_documents/points/scroll "HTTP/1.1 200 OK"
2025-11-25 12:37:25,597 - httpx - INFO - HTTP Request: POST http://localhost:6333/collections/olmocr_documents/points/scroll "HTTP/1.1 200 OK"
2025-11-25 12:37:25,598 - httpx - INFO - HTTP Request: POST http://localhost:6333/collections/olmocr_documents/points/scroll "HTTP/1.1 200 OK"
2025-11-25 12:37:25,599 - httpx - INFO - HTTP Request: POST http://localhost:6333/collections/olmocr_documents/points/scroll "HTTP/1.1 200 OK"
2025-11-25 12:37:25,600 - httpx - INFO - HTTP Request: POST http://localhost:6333/collections/olmocr_documents/points/scroll "HTTP/1.1 200 OK"
2025-11-25 12:37:25,602 - httpx - INFO - HTTP Request: POST http://localhost:6333/collections/olmocr_documents/points/scroll "HTTP/1.1 200 OK"
2025-11-25 12:37:25,603 - httpx - INFO - HTTP Request: POST http://localhost:6333/collections/olmocr_documents/points/scroll "HTTP/1.1 200 OK"
2025-11-25 12:37:25,604 - httpx - INFO - HTTP Request: POST http://localhost:6333/collections/olmocr_documents/points/scroll "HTTP/1.1 200 OK"
2025-11-25 12:37:25,605 - httpx - INFO - HTTP Request: POST http://localhost:6333/collections/olmocr_documents/points/scroll "HTTP/1.1 200 OK"
2025-11-25 12:37:25,606 - httpx - INFO - HTTP Request: POST http://localhost:6333/collections/olmocr_documents/points/scroll "HTTP/1.1 200 OK"
2025-11-25 12:37:25,607 - httpx - INFO - HTTP Request: POST http://localhost:6333/collections/olmocr_documents/points/scroll "HTTP/1.1 200 OK"
2025-11-25 12:37:25,609 - httpx - INFO - HTTP Request: POST http://localhost:6333/collections/olmocr_documents/points/scroll "HTTP/1.1 200 OK"
2025-11-25 12:37:25,610 - httpx - INFO - HTTP Request: POST http://localhost:6333/collections/olmocr_documents/points/scroll "HTTP/1.1 200 OK"
2025-11-25 12:37:25,612 - httpx - INFO - HTTP Request: POST http://localhost:6333/collections/olmocr_documents/points/scroll "HTTP/1.1 200 OK"
2025-11-25 12:37:25,613 - httpx - INFO - HTTP Request: POST http://localhost:6333/collections/olmocr_documents/points/scroll "HTTP/1.1 200 OK"
2025-11-25 12:37:25,615 - httpx - INFO - HTTP Request: POST http://localhost:6333/collections/olmocr_documents/points/scroll "HTTP/1.1 200 OK"
2025-11-25 12:37:25,616 - httpx - INFO - HTTP Request: POST http://localhost:6333/collections/olmocr_documents/points/scroll "HTTP/1.1 200 OK"
2025-11-25 12:37:25,618 - httpx - INFO - HTTP Request: POST http://localhost:6333/collections/olmocr_documents/points/scroll "HTTP/1.1 200 OK"
2025-11-25 12:37:25,619 - httpx - INFO - HTTP Request: POST http://localhost:6333/collections/olmocr_documents/points/scroll "HTTP/1.1 200 OK"
2025-11-25 12:37:25,620 - httpx - INFO - HTTP Request: POST http://localhost:6333/collections/olmocr_documents/points/scroll "HTTP/1.1 200 OK"
2025-11-25 12:37:25,622 - httpx - INFO - HTTP Request: POST http://localhost:6333/collections/olmocr_documents/points/scroll "HTTP/1.1 200 OK"
2025-11-25 12:37:25,623 - httpx - INFO - HTTP Request: POST http://localhost:6333/collections/olmocr_documents/points/scroll "HTTP/1.1 200 OK"
2025-11-25 12:37:25,624 - httpx - INFO - HTTP Request: POST http://localhost:6333/collections/olmocr_documents/points/scroll "HTTP/1.1 200 OK"
2025-11-25 12:37:25,625 - httpx - INFO - HTTP Request: POST http://localhost:6333/collections/olmocr_documents/points/scroll "HTTP/1.1 200 OK"
2025-11-25 12:37:25,626 - httpx - INFO - HTTP Request: POST http://localhost:6333/collections/olmocr_documents/points/scroll "HTTP/1.1 200 OK"
2025-11-25 12:37:25,627 - httpx - INFO - HTTP Request: POST http://localhost:6333/collections/olmocr_documents/points/scroll "HTTP/1.1 200 OK"
2025-11-25 12:37:25,628 - httpx - INFO - HTTP Request: POST http://localhost:6333/collections/olmocr_documents/points/scroll "HTTP/1.1 200 OK"
2025-11-25 12:37:25,629 - httpx - INFO - HTTP Request: POST http://localhost:6333/collections/olmocr_documents/points/scroll "HTTP/1.1 200 OK"
2025-11-25 12:37:25,630 - httpx - INFO - HTTP Request: POST http://localhost:6333/collections/olmocr_documents/points/scroll "HTTP/1.1 200 OK"
2025-11-25 12:37:25,632 - httpx - INFO - HTTP Request: POST http://localhost:6333/collections/olmocr_documents/points/scroll "HTTP/1.1 200 OK"
2025-11-25 12:37:25,633 - httpx - INFO - HTTP Request: POST http://localhost:6333/collections/olmocr_documents/points/scroll "HTTP/1.1 200 OK"
2025-11-25 12:37:25,635 - httpx - INFO - HTTP Request: POST http://localhost:6333/collections/olmocr_documents/points/scroll "HTTP/1.1 200 OK"
2025-11-25 12:37:25,637 - httpx - INFO - HTTP Request: POST http://localhost:6333/collections/olmocr_documents/points/scroll "HTTP/1.1 200 OK"
2025-11-25 12:37:25,638 - httpx - INFO - HTTP Request: POST http://localhost:6333/collections/olmocr_documents/points/scroll "HTTP/1.1 200 OK"
2025-11-25 12:37:25,640 - httpx - INFO - HTTP Request: POST http://localhost:6333/collections/olmocr_documents/points/scroll "HTTP/1.1 200 OK"
2025-11-25 12:37:25,641 - httpx - INFO - HTTP Request: POST http://localhost:6333/collections/olmocr_documents/points/scroll "HTTP/1.1 200 OK"
2025-11-25 12:37:25,643 - httpx - INFO - HTTP Request: POST http://localhost:6333/collections/olmocr_documents/points/scroll "HTTP/1.1 200 OK"
2025-11-25 12:37:25,644 - httpx - INFO - HTTP Request: POST http://localhost:6333/collections/olmocr_documents/points/scroll "HTTP/1.1 200 OK"
2025-11-25 12:37:25,646 - httpx - INFO - HTTP Request: POST http://localhost:6333/collections/olmocr_documents/points/scroll "HTTP/1.1 200 OK"
2025-11-25 12:37:25,647 - httpx - INFO - HTTP Request: POST http://localhost:6333/collections/olmocr_documents/points/scroll "HTTP/1.1 200 OK"
2025-11-25 12:37:25,649 - httpx - INFO - HTTP Request: POST http://localhost:6333/collections/olmocr_documents/points/scroll "HTTP/1.1 200 OK"
2025-11-25 12:37:25,650 - httpx - INFO - HTTP Request: POST http://localhost:6333/collections/olmocr_documents/points/scroll "HTTP/1.1 200 OK"
2025-11-25 12:37:25,652 - httpx - INFO - HTTP Request: POST http://localhost:6333/collections/olmocr_documents/points/scroll "HTTP/1.1 200 OK"
2025-11-25 12:37:25,653 - httpx - INFO - HTTP Request: POST http://localhost:6333/collections/olmocr_documents/points/scroll "HTTP/1.1 200 OK"
2025-11-25 12:37:25,654 - httpx - INFO - HTTP Request: POST http://localhost:6333/collections/olmocr_documents/points/scroll "HTTP/1.1 200 OK"
2025-11-25 12:37:25,655 - httpx - INFO - HTTP Request: POST http://localhost:6333/collections/olmocr_documents/points/scroll "HTTP/1.1 200 OK"
2025-11-25 12:37:25,656 - httpx - INFO - HTTP Request: POST http://localhost:6333/collections/olmocr_documents/points/scroll "HTTP/1.1 200 OK"
2025-11-25 12:37:25,657 - httpx - INFO - HTTP Request: POST http://localhost:6333/collections/olmocr_documents/points/scroll "HTTP/1.1 200 OK"
2025-11-25 12:37:25,659 - httpx - INFO - HTTP Request: POST http://localhost:6333/collections/olmocr_documents/points/scroll "HTTP/1.1 200 OK"
2025-11-25 12:37:25,660 - httpx - INFO - HTTP Request: POST http://localhost:6333/collections/olmocr_documents/points/scroll "HTTP/1.1 200 OK"
2025-11-25 12:37:25,662 - httpx - INFO - HTTP Request: POST http://localhost:6333/collections/olmocr_documents/points/scroll "HTTP/1.1 200 OK"
2025-11-25 12:37:25,664 - httpx - INFO - HTTP Request: POST http://localhost:6333/collections/olmocr_documents/points/scroll "HTTP/1.1 200 OK"
2025-11-25 12:37:25,665 - httpx - INFO - HTTP Request: POST http://localhost:6333/collections/olmocr_documents/points/scroll "HTTP/1.1 200 OK"
2025-11-25 12:37:25,667 - httpx - INFO - HTTP Request: POST http://localhost:6333/collections/olmocr_documents/points/scroll "HTTP/1.1 200 OK"
2025-11-25 12:37:25,668 - httpx - INFO - HTTP Request: POST http://localhost:6333/collections/olmocr_documents/points/scroll "HTTP/1.1 200 OK"
2025-11-25 12:37:25,670 - httpx - INFO - HTTP Request: POST http://localhost:6333/collections/olmocr_documents/points/scroll "HTTP/1.1 200 OK"
2025-11-25 12:37:25,671 - httpx - INFO - HTTP Request: POST http://localhost:6333/collections/olmocr_documents/points/scroll "HTTP/1.1 200 OK"
2025-11-25 12:37:25,672 - httpx - INFO - HTTP Request: POST http://localhost:6333/collections/olmocr_documents/points/scroll "HTTP/1.1 200 OK"
2025-11-25 12:37:25,673 - httpx - INFO - HTTP Request: POST http://localhost:6333/collections/olmocr_documents/points/scroll "HTTP/1.1 200 OK"
2025-11-25 12:37:25,675 - httpx - INFO - HTTP Request: POST http://localhost:6333/collections/olmocr_documents/points/scroll "HTTP/1.1 200 OK"
2025-11-25 12:37:25,676 - httpx - INFO - HTTP Request: POST http://localhost:6333/collections/olmocr_documents/points/scroll "HTTP/1.1 200 OK"
2025-11-25 12:37:25,677 - httpx - INFO - HTTP Request: POST http://localhost:6333/collections/olmocr_documents/points/scroll "HTTP/1.1 200 OK"
2025-11-25 12:37:25,678 - httpx - INFO - HTTP Request: POST http://localhost:6333/collections/olmocr_documents/points/scroll "HTTP/1.1 200 OK"
2025-11-25 12:37:25,680 - httpx - INFO - HTTP Request: POST http://localhost:6333/collections/olmocr_documents/points/scroll "HTTP/1.1 200 OK"
2025-11-25 12:37:25,681 - httpx - INFO - HTTP Request: POST http://localhost:6333/collections/olmocr_documents/points/scroll "HTTP/1.1 200 OK"
2025-11-25 12:37:25,682 - httpx - INFO - HTTP Request: POST http://localhost:6333/collections/olmocr_documents/points/scroll "HTTP/1.1 200 OK"
2025-11-25 12:37:25,683 - httpx - INFO - HTTP Request: POST http://localhost:6333/collections/olmocr_documents/points/scroll "HTTP/1.1 200 OK"
2025-11-25 12:37:25,685 - httpx - INFO - HTTP Request: POST http://localhost:6333/collections/olmocr_documents/points/scroll "HTTP/1.1 200 OK"
2025-11-25 12:37:25,686 - httpx - INFO - HTTP Request: POST http://localhost:6333/collections/olmocr_documents/points/scroll "HTTP/1.1 200 OK"
2025-11-25 12:37:25,688 - httpx - INFO - HTTP Request: POST http://localhost:6333/collections/olmocr_documents/points/scroll "HTTP/1.1 200 OK"
2025-11-25 12:37:25,689 - httpx - INFO - HTTP Request: POST http://localhost:6333/collections/olmocr_documents/points/scroll "HTTP/1.1 200 OK"
2025-11-25 12:37:25,691 - httpx - INFO - HTTP Request: POST http://localhost:6333/collections/olmocr_documents/points/scroll "HTTP/1.1 200 OK"
2025-11-25 12:37:25,692 - httpx - INFO - HTTP Request: POST http://localhost:6333/collections/olmocr_documents/points/scroll "HTTP/1.1 200 OK"
2025-11-25 12:37:25,694 - httpx - INFO - HTTP Request: POST http://localhost:6333/collections/olmocr_documents/points/scroll "HTTP/1.1 200 OK"
2025-11-25 12:37:25,696 - httpx - INFO - HTTP Request: POST http://localhost:6333/collections/olmocr_documents/points/scroll "HTTP/1.1 200 OK"
2025-11-25 12:37:25,697 - httpx - INFO - HTTP Request: POST http://localhost:6333/collections/olmocr_documents/points/scroll "HTTP/1.1 200 OK"
2025-11-25 12:37:25,698 - httpx - INFO - HTTP Request: POST http://localhost:6333/collections/olmocr_documents/points/scroll "HTTP/1.1 200 OK"
2025-11-25 12:37:25,700 - httpx - INFO - HTTP Request: POST http://localhost:6333/collections/olmocr_documents/points/scroll "HTTP/1.1 200 OK"
2025-11-25 12:37:25,701 - httpx - INFO - HTTP Request: POST http://localhost:6333/collections/olmocr_documents/points/scroll "HTTP/1.1 200 OK"
2025-11-25 12:37:25,703 - httpx - INFO - HTTP Request: POST http://localhost:6333/collections/olmocr_documents/points/scroll "HTTP/1.1 200 OK"
2025-11-25 12:37:25,704 - httpx - INFO - HTTP Request: POST http://localhost:6333/collections/olmocr_documents/points/scroll "HTTP/1.1 200 OK"
2025-11-25 12:37:25,705 - httpx - INFO - HTTP Request: POST http://localhost:6333/collections/olmocr_documents/points/scroll "HTTP/1.1 200 OK"
2025-11-25 12:37:25,707 - httpx - INFO - HTTP Request: POST http://localhost:6333/collections/olmocr_documents/points/scroll "HTTP/1.1 200 OK"
2025-11-25 12:37:25,708 - httpx - INFO - HTTP Request: POST http://localhost:6333/collections/olmocr_documents/points/scroll "HTTP/1.1 200 OK"
2025-11-25 12:37:25,709 - httpx - INFO - HTTP Request: POST http://localhost:6333/collections/olmocr_documents/points/scroll "HTTP/1.1 200 OK"
2025-11-25 12:37:25,711 - httpx - INFO - HTTP Request: POST http://localhost:6333/collections/olmocr_documents/points/scroll "HTTP/1.1 200 OK"
2025-11-25 12:37:25,712 - httpx - INFO - HTTP Request: POST http://localhost:6333/collections/olmocr_documents/points/scroll "HTTP/1.1 200 OK"
2025-11-25 12:37:25,714 - httpx - INFO - HTTP Request: POST http://localhost:6333/collections/olmocr_documents/points/scroll "HTTP/1.1 200 OK"
2025-11-25 12:37:25,715 - httpx - INFO - HTTP Request: POST http://localhost:6333/collections/olmocr_documents/points/scroll "HTTP/1.1 200 OK"
2025-11-25 12:37:25,716 - httpx - INFO - HTTP Request: POST http://localhost:6333/collections/olmocr_documents/points/scroll "HTTP/1.1 200 OK"
2025-11-25 12:37:25,717 - httpx - INFO - HTTP Request: POST http://localhost:6333/collections/olmocr_documents/points/scroll "HTTP/1.1 200 OK"
2025-11-25 12:37:25,719 - httpx - INFO - HTTP Request: POST http://localhost:6333/collections/olmocr_documents/points/scroll "HTTP/1.1 200 OK"
2025-11-25 12:37:25,721 - httpx - INFO - HTTP Request: POST http://localhost:6333/collections/olmocr_documents/points/scroll "HTTP/1.1 200 OK"
2025-11-25 12:37:25,723 - httpx - INFO - HTTP Request: POST http://localhost:6333/collections/olmocr_documents/points/scroll "HTTP/1.1 200 OK"
2025-11-25 12:37:25,724 - httpx - INFO - HTTP Request: POST http://localhost:6333/collections/olmocr_documents/points/scroll "HTTP/1.1 200 OK"
2025-11-25 12:37:25,725 - httpx - INFO - HTTP Request: POST http://localhost:6333/collections/olmocr_documents/points/scroll "HTTP/1.1 200 OK"
2025-11-25 12:37:25,727 - httpx - INFO - HTTP Request: POST http://localhost:6333/collections/olmocr_documents/points/scroll "HTTP/1.1 200 OK"
2025-11-25 12:37:25,728 - httpx - INFO - HTTP Request: POST http://localhost:6333/collections/olmocr_documents/points/scroll "HTTP/1.1 200 OK"
2025-11-25 12:37:25,730 - httpx - INFO - HTTP Request: POST http://localhost:6333/collections/olmocr_documents/points/scroll "HTTP/1.1 200 OK"
2025-11-25 12:37:25,731 - httpx - INFO - HTTP Request: POST http://localhost:6333/collections/olmocr_documents/points/scroll "HTTP/1.1 200 OK"
2025-11-25 12:37:25,732 - httpx - INFO - HTTP Request: POST http://localhost:6333/collections/olmocr_documents/points/scroll "HTTP/1.1 200 OK"
2025-11-25 12:37:25,733 - httpx - INFO - HTTP Request: POST http://localhost:6333/collections/olmocr_documents/points/scroll "HTTP/1.1 200 OK"
2025-11-25 12:37:25,734 - httpx - INFO - HTTP Request: POST http://localhost:6333/collections/olmocr_documents/points/scroll "HTTP/1.1 200 OK"
2025-11-25 12:37:25,736 - httpx - INFO - HTTP Request: POST http://localhost:6333/collections/olmocr_documents/points/scroll "HTTP/1.1 200 OK"
2025-11-25 12:37:25,738 - httpx - INFO - HTTP Request: POST http://localhost:6333/collections/olmocr_documents/points/scroll "HTTP/1.1 200 OK"
2025-11-25 12:37:25,740 - httpx - INFO - HTTP Request: POST http://localhost:6333/collections/olmocr_documents/points/scroll "HTTP/1.1 200 OK"
2025-11-25 12:37:25,741 - httpx - INFO - HTTP Request: POST http://localhost:6333/collections/olmocr_documents/points/scroll "HTTP/1.1 200 OK"
2025-11-25 12:37:25,743 - httpx - INFO - HTTP Request: POST http://localhost:6333/collections/olmocr_documents/points/scroll "HTTP/1.1 200 OK"
2025-11-25 12:37:25,745 - httpx - INFO - HTTP Request: POST http://localhost:6333/collections/olmocr_documents/points/scroll "HTTP/1.1 200 OK"
2025-11-25 12:37:25,747 - httpx - INFO - HTTP Request: POST http://localhost:6333/collections/olmocr_documents/points/scroll "HTTP/1.1 200 OK"
2025-11-25 12:37:25,749 - httpx - INFO - HTTP Request: POST http://localhost:6333/collections/olmocr_documents/points/scroll "HTTP/1.1 200 OK"
2025-11-25 12:37:25,750 - httpx - INFO - HTTP Request: POST http://localhost:6333/collections/olmocr_documents/points/scroll "HTTP/1.1 200 OK"
2025-11-25 12:37:25,752 - httpx - INFO - HTTP Request: POST http://localhost:6333/collections/olmocr_documents/points/scroll "HTTP/1.1 200 OK"
2025-11-25 12:37:25,754 - httpx - INFO - HTTP Request: POST http://localhost:6333/collections/olmocr_documents/points/scroll "HTTP/1.1 200 OK"
2025-11-25 12:37:25,756 - httpx - INFO - HTTP Request: POST http://localhost:6333/collections/olmocr_documents/points/scroll "HTTP/1.1 200 OK"
2025-11-25 12:37:25,757 - httpx - INFO - HTTP Request: POST http://localhost:6333/collections/olmocr_documents/points/scroll "HTTP/1.1 200 OK"
2025-11-25 12:37:25,759 - httpx - INFO - HTTP Request: POST http://localhost:6333/collections/olmocr_documents/points/scroll "HTTP/1.1 200 OK"
2025-11-25 12:37:25,761 - httpx - INFO - HTTP Request: POST http://localhost:6333/collections/olmocr_documents/points/scroll "HTTP/1.1 200 OK"
2025-11-25 12:37:25,763 - httpx - INFO - HTTP Request: POST http://localhost:6333/collections/olmocr_documents/points/scroll "HTTP/1.1 200 OK"
2025-11-25 12:37:25,765 - httpx - INFO - HTTP Request: POST http://localhost:6333/collections/olmocr_documents/points/scroll "HTTP/1.1 200 OK"
2025-11-25 12:37:25,766 - httpx - INFO - HTTP Request: POST http://localhost:6333/collections/olmocr_documents/points/scroll "HTTP/1.1 200 OK"
2025-11-25 12:37:25,768 - httpx - INFO - HTTP Request: POST http://localhost:6333/collections/olmocr_documents/points/scroll "HTTP/1.1 200 OK"
2025-11-25 12:37:25,769 - httpx - INFO - HTTP Request: POST http://localhost:6333/collections/olmocr_documents/points/scroll "HTTP/1.1 200 OK"
2025-11-25 12:37:25,771 - httpx - INFO - HTTP Request: POST http://localhost:6333/collections/olmocr_documents/points/scroll "HTTP/1.1 200 OK"
2025-11-25 12:37:25,773 - httpx - INFO - HTTP Request: POST http://localhost:6333/collections/olmocr_documents/points/scroll "HTTP/1.1 200 OK"
2025-11-25 12:37:25,774 - httpx - INFO - HTTP Request: POST http://localhost:6333/collections/olmocr_documents/points/scroll "HTTP/1.1 200 OK"
2025-11-25 12:37:25,776 - httpx - INFO - HTTP Request: POST http://localhost:6333/collections/olmocr_documents/points/scroll "HTTP/1.1 200 OK"
2025-11-25 12:37:25,778 - httpx - INFO - HTTP Request: POST http://localhost:6333/collections/olmocr_documents/points/scroll "HTTP/1.1 200 OK"
2025-11-25 12:37:25,779 - httpx - INFO - HTTP Request: POST http://localhost:6333/collections/olmocr_documents/points/scroll "HTTP/1.1 200 OK"
2025-11-25 12:37:25,780 - httpx - INFO - HTTP Request: POST http://localhost:6333/collections/olmocr_documents/points/scroll "HTTP/1.1 200 OK"
2025-11-25 12:37:25,781 - httpx - INFO - HTTP Request: POST http://localhost:6333/collections/olmocr_documents/points/scroll "HTTP/1.1 200 OK"
2025-11-25 12:37:25,783 - httpx - INFO - HTTP Request: POST http://localhost:6333/collections/olmocr_documents/points/scroll "HTTP/1.1 200 OK"
2025-11-25 12:37:25,784 - httpx - INFO - HTTP Request: POST http://localhost:6333/collections/olmocr_documents/points/scroll "HTTP/1.1 200 OK"
2025-11-25 12:37:25,785 - httpx - INFO - HTTP Request: POST http://localhost:6333/collections/olmocr_documents/points/scroll "HTTP/1.1 200 OK"
2025-11-25 12:37:25,786 - httpx - INFO - HTTP Request: POST http://localhost:6333/collections/olmocr_documents/points/scroll "HTTP/1.1 200 OK"
2025-11-25 12:37:25,788 - httpx - INFO - HTTP Request: POST http://localhost:6333/collections/olmocr_documents/points/scroll "HTTP/1.1 200 OK"
2025-11-25 12:37:25,789 - httpx - INFO - HTTP Request: POST http://localhost:6333/collections/olmocr_documents/points/scroll "HTTP/1.1 200 OK"
2025-11-25 12:37:25,790 - httpx - INFO - HTTP Request: POST http://localhost:6333/collections/olmocr_documents/points/scroll "HTTP/1.1 200 OK"
2025-11-25 12:37:25,791 - httpx - INFO - HTTP Request: POST http://localhost:6333/collections/olmocr_documents/points/scroll "HTTP/1.1 200 OK"
2025-11-25 12:37:25,793 - httpx - INFO - HTTP Request: POST http://localhost:6333/collections/olmocr_documents/points/scroll "HTTP/1.1 200 OK"
2025-11-25 12:37:25,794 - httpx - INFO - HTTP Request: POST http://localhost:6333/collections/olmocr_documents/points/scroll "HTTP/1.1 200 OK"
2025-11-25 12:37:25,795 - httpx - INFO - HTTP Request: POST http://localhost:6333/collections/olmocr_documents/points/scroll "HTTP/1.1 200 OK"
2025-11-25 12:37:25,796 - httpx - INFO - HTTP Request: POST http://localhost:6333/collections/olmocr_documents/points/scroll "HTTP/1.1 200 OK"
2025-11-25 12:37:25,797 - httpx - INFO - HTTP Request: POST http://localhost:6333/collections/olmocr_documents/points/scroll "HTTP/1.1 200 OK"
2025-11-25 12:37:25,799 - httpx - INFO - HTTP Request: POST http://localhost:6333/collections/olmocr_documents/points/scroll "HTTP/1.1 200 OK"
2025-11-25 12:37:25,800 - httpx - INFO - HTTP Request: POST http://localhost:6333/collections/olmocr_documents/points/scroll "HTTP/1.1 200 OK"
2025-11-25 12:37:25,802 - httpx - INFO - HTTP Request: POST http://localhost:6333/collections/olmocr_documents/points/scroll "HTTP/1.1 200 OK"
2025-11-25 12:37:25,803 - httpx - INFO - HTTP Request: POST http://localhost:6333/collections/olmocr_documents/points/scroll "HTTP/1.1 200 OK"
2025-11-25 12:37:25,804 - httpx - INFO - HTTP Request: POST http://localhost:6333/collections/olmocr_documents/points/scroll "HTTP/1.1 200 OK"
2025-11-25 12:37:25,805 - httpx - INFO - HTTP Request: POST http://localhost:6333/collections/olmocr_documents/points/scroll "HTTP/1.1 200 OK"
2025-11-25 12:37:25,806 - httpx - INFO - HTTP Request: POST http://localhost:6333/collections/olmocr_documents/points/scroll "HTTP/1.1 200 OK"
2025-11-25 12:37:25,807 - httpx - INFO - HTTP Request: POST http://localhost:6333/collections/olmocr_documents/points/scroll "HTTP/1.1 200 OK"
2025-11-25 12:37:25,808 - httpx - INFO - HTTP Request: POST http://localhost:6333/collections/olmocr_documents/points/scroll "HTTP/1.1 200 OK"
2025-11-25 12:37:25,810 - httpx - INFO - HTTP Request: POST http://localhost:6333/collections/olmocr_documents/points/scroll "HTTP/1.1 200 OK"
2025-11-25 12:37:25,811 - httpx - INFO - HTTP Request: POST http://localhost:6333/collections/olmocr_documents/points/scroll "HTTP/1.1 200 OK"
2025-11-25 12:37:25,812 - httpx - INFO - HTTP Request: POST http://localhost:6333/collections/olmocr_documents/points/scroll "HTTP/1.1 200 OK"
2025-11-25 12:37:25,813 - httpx - INFO - HTTP Request: POST http://localhost:6333/collections/olmocr_documents/points/scroll "HTTP/1.1 200 OK"
2025-11-25 12:37:25,814 - httpx - INFO - HTTP Request: POST http://localhost:6333/collections/olmocr_documents/points/scroll "HTTP/1.1 200 OK"
2025-11-25 12:37:25,815 - httpx - INFO - HTTP Request: POST http://localhost:6333/collections/olmocr_documents/points/scroll "HTTP/1.1 200 OK"
2025-11-25 12:37:25,816 - httpx - INFO - HTTP Request: POST http://localhost:6333/collections/olmocr_documents/points/scroll "HTTP/1.1 200 OK"
2025-11-25 12:37:25,817 - httpx - INFO - HTTP Request: POST http://localhost:6333/collections/olmocr_documents/points/scroll "HTTP/1.1 200 OK"
2025-11-25 12:37:25,818 - httpx - INFO - HTTP Request: POST http://localhost:6333/collections/olmocr_documents/points/scroll "HTTP/1.1 200 OK"
2025-11-25 12:37:25,820 - httpx - INFO - HTTP Request: POST http://localhost:6333/collections/olmocr_documents/points/scroll "HTTP/1.1 200 OK"
2025-11-25 12:37:25,821 - httpx - INFO - HTTP Request: POST http://localhost:6333/collections/olmocr_documents/points/scroll "HTTP/1.1 200 OK"
2025-11-25 12:37:25,822 - httpx - INFO - HTTP Request: POST http://localhost:6333/collections/olmocr_documents/points/scroll "HTTP/1.1 200 OK"
2025-11-25 12:37:25,823 - httpx - INFO - HTTP Request: POST http://localhost:6333/collections/olmocr_documents/points/scroll "HTTP/1.1 200 OK"
2025-11-25 12:37:25,824 - httpx - INFO - HTTP Request: POST http://localhost:6333/collections/olmocr_documents/points/scroll "HTTP/1.1 200 OK"
2025-11-25 12:37:25,825 - httpx - INFO - HTTP Request: POST http://localhost:6333/collections/olmocr_documents/points/scroll "HTTP/1.1 200 OK"
2025-11-25 12:37:25,826 - httpx - INFO - HTTP Request: POST http://localhost:6333/collections/olmocr_documents/points/scroll "HTTP/1.1 200 OK"
2025-11-25 12:37:25,827 - httpx - INFO - HTTP Request: POST http://localhost:6333/collections/olmocr_documents/points/scroll "HTTP/1.1 200 OK"
2025-11-25 12:37:25,828 - httpx - INFO - HTTP Request: POST http://localhost:6333/collections/olmocr_documents/points/scroll "HTTP/1.1 200 OK"
2025-11-25 12:37:25,829 - httpx - INFO - HTTP Request: POST http://localhost:6333/collections/olmocr_documents/points/scroll "HTTP/1.1 200 OK"
2025-11-25 12:37:25,830 - httpx - INFO - HTTP Request: POST http://localhost:6333/collections/olmocr_documents/points/scroll "HTTP/1.1 200 OK"
2025-11-25 12:37:25,831 - httpx - INFO - HTTP Request: POST http://localhost:6333/collections/olmocr_documents/points/scroll "HTTP/1.1 200 OK"
2025-11-25 12:37:25,832 - httpx - INFO - HTTP Request: POST http://localhost:6333/collections/olmocr_documents/points/scroll "HTTP/1.1 200 OK"
2025-11-25 12:37:25,833 - httpx - INFO - HTTP Request: POST http://localhost:6333/collections/olmocr_documents/points/scroll "HTTP/1.1 200 OK"
2025-11-25 12:37:25,835 - httpx - INFO - HTTP Request: POST http://localhost:6333/collections/olmocr_documents/points/scroll "HTTP/1.1 200 OK"
2025-11-25 12:37:25,836 - httpx - INFO - HTTP Request: POST http://localhost:6333/collections/olmocr_documents/points/scroll "HTTP/1.1 200 OK"
2025-11-25 12:37:25,837 - httpx - INFO - HTTP Request: POST http://localhost:6333/collections/olmocr_documents/points/scroll "HTTP/1.1 200 OK"
2025-11-25 12:37:25,838 - httpx - INFO - HTTP Request: POST http://localhost:6333/collections/olmocr_documents/points/scroll "HTTP/1.1 200 OK"
2025-11-25 12:37:25,839 - httpx - INFO - HTTP Request: POST http://localhost:6333/collections/olmocr_documents/points/scroll "HTTP/1.1 200 OK"
2025-11-25 12:37:25,840 - httpx - INFO - HTTP Request: POST http://localhost:6333/collections/olmocr_documents/points/scroll "HTTP/1.1 200 OK"
2025-11-25 12:37:25,841 - httpx - INFO - HTTP Request: POST http://localhost:6333/collections/olmocr_documents/points/scroll "HTTP/1.1 200 OK"
2025-11-25 12:37:25,842 - httpx - INFO - HTTP Request: POST http://localhost:6333/collections/olmocr_documents/points/scroll "HTTP/1.1 200 OK"
2025-11-25 12:37:25,843 - httpx - INFO - HTTP Request: POST http://localhost:6333/collections/olmocr_documents/points/scroll "HTTP/1.1 200 OK"
2025-11-25 12:37:25,844 - httpx - INFO - HTTP Request: POST http://localhost:6333/collections/olmocr_documents/points/scroll "HTTP/1.1 200 OK"
2025-11-25 12:37:25,845 - httpx - INFO - HTTP Request: POST http://localhost:6333/collections/olmocr_documents/points/scroll "HTTP/1.1 200 OK"
2025-11-25 12:37:25,847 - httpx - INFO - HTTP Request: POST http://localhost:6333/collections/olmocr_documents/points/scroll "HTTP/1.1 200 OK"
2025-11-25 12:37:25,848 - httpx - INFO - HTTP Request: POST http://localhost:6333/collections/olmocr_documents/points/scroll "HTTP/1.1 200 OK"
2025-11-25 12:37:25,849 - httpx - INFO - HTTP Request: POST http://localhost:6333/collections/olmocr_documents/points/scroll "HTTP/1.1 200 OK"
2025-11-25 12:37:25,850 - httpx - INFO - HTTP Request: POST http://localhost:6333/collections/olmocr_documents/points/scroll "HTTP/1.1 200 OK"
2025-11-25 12:37:25,851 - httpx - INFO - HTTP Request: POST http://localhost:6333/collections/olmocr_documents/points/scroll "HTTP/1.1 200 OK"
2025-11-25 12:37:25,853 - httpx - INFO - HTTP Request: POST http://localhost:6333/collections/olmocr_documents/points/scroll "HTTP/1.1 200 OK"
2025-11-25 12:37:25,854 - httpx - INFO - HTTP Request: POST http://localhost:6333/collections/olmocr_documents/points/scroll "HTTP/1.1 200 OK"
2025-11-25 12:37:25,855 - httpx - INFO - HTTP Request: POST http://localhost:6333/collections/olmocr_documents/points/scroll "HTTP/1.1 200 OK"
2025-11-25 12:37:25,857 - httpx - INFO - HTTP Request: POST http://localhost:6333/collections/olmocr_documents/points/scroll "HTTP/1.1 200 OK"
2025-11-25 12:37:25,858 - httpx - INFO - HTTP Request: POST http://localhost:6333/collections/olmocr_documents/points/scroll "HTTP/1.1 200 OK"
2025-11-25 12:37:25,859 - httpx - INFO - HTTP Request: POST http://localhost:6333/collections/olmocr_documents/points/scroll "HTTP/1.1 200 OK"
2025-11-25 12:37:25,860 - httpx - INFO - HTTP Request: POST http://localhost:6333/collections/olmocr_documents/points/scroll "HTTP/1.1 200 OK"
2025-11-25 12:37:25,861 - httpx - INFO - HTTP Request: POST http://localhost:6333/collections/olmocr_documents/points/scroll "HTTP/1.1 200 OK"
2025-11-25 12:37:25,862 - httpx - INFO - HTTP Request: POST http://localhost:6333/collections/olmocr_documents/points/scroll "HTTP/1.1 200 OK"
2025-11-25 12:37:25,863 - httpx - INFO - HTTP Request: POST http://localhost:6333/collections/olmocr_documents/points/scroll "HTTP/1.1 200 OK"
2025-11-25 12:37:25,864 - httpx - INFO - HTTP Request: POST http://localhost:6333/collections/olmocr_documents/points/scroll "HTTP/1.1 200 OK"
2025-11-25 12:37:25,865 - httpx - INFO - HTTP Request: POST http://localhost:6333/collections/olmocr_documents/points/scroll "HTTP/1.1 200 OK"
2025-11-25 12:37:25,866 - httpx - INFO - HTTP Request: POST http://localhost:6333/collections/olmocr_documents/points/scroll "HTTP/1.1 200 OK"
2025-11-25 12:37:25,867 - httpx - INFO - HTTP Request: POST http://localhost:6333/collections/olmocr_documents/points/scroll "HTTP/1.1 200 OK"
2025-11-25 12:37:25,869 - httpx - INFO - HTTP Request: POST http://localhost:6333/collections/olmocr_documents/points/scroll "HTTP/1.1 200 OK"
2025-11-25 12:37:25,870 - httpx - INFO - HTTP Request: POST http://localhost:6333/collections/olmocr_documents/points/scroll "HTTP/1.1 200 OK"
2025-11-25 12:37:25,871 - httpx - INFO - HTTP Request: POST http://localhost:6333/collections/olmocr_documents/points/scroll "HTTP/1.1 200 OK"
2025-11-25 12:37:25,872 - httpx - INFO - HTTP Request: POST http://localhost:6333/collections/olmocr_documents/points/scroll "HTTP/1.1 200 OK"
2025-11-25 12:37:25,873 - httpx - INFO - HTTP Request: POST http://localhost:6333/collections/olmocr_documents/points/scroll "HTTP/1.1 200 OK"
2025-11-25 12:37:25,874 - httpx - INFO - HTTP Request: POST http://localhost:6333/collections/olmocr_documents/points/scroll "HTTP/1.1 200 OK"
2025-11-25 12:37:25,875 - httpx - INFO - HTTP Request: POST http://localhost:6333/collections/olmocr_documents/points/scroll "HTTP/1.1 200 OK"
2025-11-25 12:37:25,876 - httpx - INFO - HTTP Request: POST http://localhost:6333/collections/olmocr_documents/points/scroll "HTTP/1.1 200 OK"
2025-11-25 12:37:25,878 - httpx - INFO - HTTP Request: POST http://localhost:6333/collections/olmocr_documents/points/scroll "HTTP/1.1 200 OK"
2025-11-25 12:37:25,879 - httpx - INFO - HTTP Request: POST http://localhost:6333/collections/olmocr_documents/points/scroll "HTTP/1.1 200 OK"
2025-11-25 12:37:25,880 - httpx - INFO - HTTP Request: POST http://localhost:6333/collections/olmocr_documents/points/scroll "HTTP/1.1 200 OK"
2025-11-25 12:37:25,881 - httpx - INFO - HTTP Request: POST http://localhost:6333/collections/olmocr_documents/points/scroll "HTTP/1.1 200 OK"
2025-11-25 12:37:25,882 - httpx - INFO - HTTP Request: POST http://localhost:6333/collections/olmocr_documents/points/scroll "HTTP/1.1 200 OK"
2025-11-25 12:37:25,883 - httpx - INFO - HTTP Request: POST http://localhost:6333/collections/olmocr_documents/points/scroll "HTTP/1.1 200 OK"
2025-11-25 12:37:25,884 - httpx - INFO - HTTP Request: POST http://localhost:6333/collections/olmocr_documents/points/scroll "HTTP/1.1 200 OK"
2025-11-25 12:37:25,885 - httpx - INFO - HTTP Request: POST http://localhost:6333/collections/olmocr_documents/points/scroll "HTTP/1.1 200 OK"
2025-11-25 12:37:25,886 - httpx - INFO - HTTP Request: POST http://localhost:6333/collections/olmocr_documents/points/scroll "HTTP/1.1 200 OK"
2025-11-25 12:37:25,888 - httpx - INFO - HTTP Request: POST http://localhost:6333/collections/olmocr_documents/points/scroll "HTTP/1.1 200 OK"
2025-11-25 12:37:25,889 - httpx - INFO - HTTP Request: POST http://localhost:6333/collections/olmocr_documents/points/scroll "HTTP/1.1 200 OK"
2025-11-25 12:37:25,890 - httpx - INFO - HTTP Request: POST http://localhost:6333/collections/olmocr_documents/points/scroll "HTTP/1.1 200 OK"
2025-11-25 12:37:25,891 - httpx - INFO - HTTP Request: POST http://localhost:6333/collections/olmocr_documents/points/scroll "HTTP/1.1 200 OK"
2025-11-25 12:37:25,893 - httpx - INFO - HTTP Request: POST http://localhost:6333/collections/olmocr_documents/points/scroll "HTTP/1.1 200 OK"
2025-11-25 12:37:25,894 - httpx - INFO - HTTP Request: POST http://localhost:6333/collections/olmocr_documents/points/scroll "HTTP/1.1 200 OK"
2025-11-25 12:37:25,895 - httpx - INFO - HTTP Request: POST http://localhost:6333/collections/olmocr_documents/points/scroll "HTTP/1.1 200 OK"
2025-11-25 12:37:25,897 - httpx - INFO - HTTP Request: POST http://localhost:6333/collections/olmocr_documents/points/scroll "HTTP/1.1 200 OK"
2025-11-25 12:37:25,898 - httpx - INFO - HTTP Request: POST http://localhost:6333/collections/olmocr_documents/points/scroll "HTTP/1.1 200 OK"
2025-11-25 12:37:25,899 - httpx - INFO - HTTP Request: POST http://localhost:6333/collections/olmocr_documents/points/scroll "HTTP/1.1 200 OK"
2025-11-25 12:37:25,900 - httpx - INFO - HTTP Request: POST http://localhost:6333/collections/olmocr_documents/points/scroll "HTTP/1.1 200 OK"
2025-11-25 12:37:25,901 - httpx - INFO - HTTP Request: POST http://localhost:6333/collections/olmocr_documents/points/scroll "HTTP/1.1 200 OK"
2025-11-25 12:37:25,902 - httpx - INFO - HTTP Request: POST http://localhost:6333/collections/olmocr_documents/points/scroll "HTTP/1.1 200 OK"
2025-11-25 12:37:25,903 - httpx - INFO - HTTP Request: POST http://localhost:6333/collections/olmocr_documents/points/scroll "HTTP/1.1 200 OK"
2025-11-25 12:37:25,904 - httpx - INFO - HTTP Request: POST http://localhost:6333/collections/olmocr_documents/points/scroll "HTTP/1.1 200 OK"
2025-11-25 12:37:25,906 - httpx - INFO - HTTP Request: POST http://localhost:6333/collections/olmocr_documents/points/scroll "HTTP/1.1 200 OK"
2025-11-25 12:37:25,907 - httpx - INFO - HTTP Request: POST http://localhost:6333/collections/olmocr_documents/points/scroll "HTTP/1.1 200 OK"
2025-11-25 12:37:25,908 - httpx - INFO - HTTP Request: POST http://localhost:6333/collections/olmocr_documents/points/scroll "HTTP/1.1 200 OK"
2025-11-25 12:37:25,909 - httpx - INFO - HTTP Request: POST http://localhost:6333/collections/olmocr_documents/points/scroll "HTTP/1.1 200 OK"
2025-11-25 12:37:25,910 - httpx - INFO - HTTP Request: POST http://localhost:6333/collections/olmocr_documents/points/scroll "HTTP/1.1 200 OK"
2025-11-25 12:37:25,911 - httpx - INFO - HTTP Request: POST http://localhost:6333/collections/olmocr_documents/points/scroll "HTTP/1.1 200 OK"
2025-11-25 12:37:25,912 - httpx - INFO - HTTP Request: POST http://localhost:6333/collections/olmocr_documents/points/scroll "HTTP/1.1 200 OK"
2025-11-25 12:37:25,913 - httpx - INFO - HTTP Request: POST http://localhost:6333/collections/olmocr_documents/points/scroll "HTTP/1.1 200 OK"
2025-11-25 12:37:25,914 - httpx - INFO - HTTP Request: POST http://localhost:6333/collections/olmocr_documents/points/scroll "HTTP/1.1 200 OK"
2025-11-25 12:37:25,915 - httpx - INFO - HTTP Request: POST http://localhost:6333/collections/olmocr_documents/points/scroll "HTTP/1.1 200 OK"
2025-11-25 12:37:25,917 - httpx - INFO - HTTP Request: POST http://localhost:6333/collections/olmocr_documents/points/scroll "HTTP/1.1 200 OK"
2025-11-25 12:37:25,918 - httpx - INFO - HTTP Request: POST http://localhost:6333/collections/olmocr_documents/points/scroll "HTTP/1.1 200 OK"
2025-11-25 12:37:25,919 - httpx - INFO - HTTP Request: POST http://localhost:6333/collections/olmocr_documents/points/scroll "HTTP/1.1 200 OK"
2025-11-25 12:37:25,920 - httpx - INFO - HTTP Request: POST http://localhost:6333/collections/olmocr_documents/points/scroll "HTTP/1.1 200 OK"
2025-11-25 12:37:25,922 - httpx - INFO - HTTP Request: POST http://localhost:6333/collections/olmocr_documents/points/scroll "HTTP/1.1 200 OK"
2025-11-25 12:37:25,923 - httpx - INFO - HTTP Request: POST http://localhost:6333/collections/olmocr_documents/points/scroll "HTTP/1.1 200 OK"
2025-11-25 12:37:25,924 - httpx - INFO - HTTP Request: POST http://localhost:6333/collections/olmocr_documents/points/scroll "HTTP/1.1 200 OK"
2025-11-25 12:37:25,925 - httpx - INFO - HTTP Request: POST http://localhost:6333/collections/olmocr_documents/points/scroll "HTTP/1.1 200 OK"
2025-11-25 12:37:25,926 - httpx - INFO - HTTP Request: POST http://localhost:6333/collections/olmocr_documents/points/scroll "HTTP/1.1 200 OK"
2025-11-25 12:37:25,927 - httpx - INFO - HTTP Request: POST http://localhost:6333/collections/olmocr_documents/points/scroll "HTTP/1.1 200 OK"
2025-11-25 12:37:25,929 - httpx - INFO - HTTP Request: POST http://localhost:6333/collections/olmocr_documents/points/scroll "HTTP/1.1 200 OK"
2025-11-25 12:37:25,930 - httpx - INFO - HTTP Request: POST http://localhost:6333/collections/olmocr_documents/points/scroll "HTTP/1.1 200 OK"
2025-11-25 12:37:25,931 - httpx - INFO - HTTP Request: POST http://localhost:6333/collections/olmocr_documents/points/scroll "HTTP/1.1 200 OK"
2025-11-25 12:37:25,932 - httpx - INFO - HTTP Request: POST http://localhost:6333/collections/olmocr_documents/points/scroll "HTTP/1.1 200 OK"
2025-11-25 12:37:25,933 - httpx - INFO - HTTP Request: POST http://localhost:6333/collections/olmocr_documents/points/scroll "HTTP/1.1 200 OK"
2025-11-25 12:37:25,934 - httpx - INFO - HTTP Request: POST http://localhost:6333/collections/olmocr_documents/points/scroll "HTTP/1.1 200 OK"
2025-11-25 12:37:25,935 - httpx - INFO - HTTP Request: POST http://localhost:6333/collections/olmocr_documents/points/scroll "HTTP/1.1 200 OK"
2025-11-25 12:37:25,936 - httpx - INFO - HTTP Request: POST http://localhost:6333/collections/olmocr_documents/points/scroll "HTTP/1.1 200 OK"
2025-11-25 12:37:25,937 - httpx - INFO - HTTP Request: POST http://localhost:6333/collections/olmocr_documents/points/scroll "HTTP/1.1 200 OK"
2025-11-25 12:37:25,938 - httpx - INFO - HTTP Request: POST http://localhost:6333/collections/olmocr_documents/points/scroll "HTTP/1.1 200 OK"
2025-11-25 12:37:25,939 - httpx - INFO - HTTP Request: POST http://localhost:6333/collections/olmocr_documents/points/scroll "HTTP/1.1 200 OK"
2025-11-25 12:37:25,940 - httpx - INFO - HTTP Request: POST http://localhost:6333/collections/olmocr_documents/points/scroll "HTTP/1.1 200 OK"
2025-11-25 12:37:25,941 - httpx - INFO - HTTP Request: POST http://localhost:6333/collections/olmocr_documents/points/scroll "HTTP/1.1 200 OK"
2025-11-25 12:37:25,942 - httpx - INFO - HTTP Request: POST http://localhost:6333/collections/olmocr_documents/points/scroll "HTTP/1.1 200 OK"
2025-11-25 12:37:25,943 - httpx - INFO - HTTP Request: POST http://localhost:6333/collections/olmocr_documents/points/scroll "HTTP/1.1 200 OK"
2025-11-25 12:37:25,944 - httpx - INFO - HTTP Request: POST http://localhost:6333/collections/olmocr_documents/points/scroll "HTTP/1.1 200 OK"
2025-11-25 12:37:25,945 - httpx - INFO - HTTP Request: POST http://localhost:6333/collections/olmocr_documents/points/scroll "HTTP/1.1 200 OK"
2025-11-25 12:37:25,946 - httpx - INFO - HTTP Request: POST http://localhost:6333/collections/olmocr_documents/points/scroll "HTTP/1.1 200 OK"
2025-11-25 12:37:25,947 - httpx - INFO - HTTP Request: POST http://localhost:6333/collections/olmocr_documents/points/scroll "HTTP/1.1 200 OK"
2025-11-25 12:37:25,949 - httpx - INFO - HTTP Request: POST http://localhost:6333/collections/olmocr_documents/points/scroll "HTTP/1.1 200 OK"
2025-11-25 12:37:25,950 - httpx - INFO - HTTP Request: POST http://localhost:6333/collections/olmocr_documents/points/scroll "HTTP/1.1 200 OK"
2025-11-25 12:37:25,951 - httpx - INFO - HTTP Request: POST http://localhost:6333/collections/olmocr_documents/points/scroll "HTTP/1.1 200 OK"
2025-11-25 12:37:25,953 - httpx - INFO - HTTP Request: POST http://localhost:6333/collections/olmocr_documents/points/scroll "HTTP/1.1 200 OK"
2025-11-25 12:37:25,954 - httpx - INFO - HTTP Request: POST http://localhost:6333/collections/olmocr_documents/points/scroll "HTTP/1.1 200 OK"
2025-11-25 12:37:25,955 - httpx - INFO - HTTP Request: POST http://localhost:6333/collections/olmocr_documents/points/scroll "HTTP/1.1 200 OK"
2025-11-25 12:37:25,956 - httpx - INFO - HTTP Request: POST http://localhost:6333/collections/olmocr_documents/points/scroll "HTTP/1.1 200 OK"
2025-11-25 12:37:25,957 - httpx - INFO - HTTP Request: POST http://localhost:6333/collections/olmocr_documents/points/scroll "HTTP/1.1 200 OK"
2025-11-25 12:37:25,958 - httpx - INFO - HTTP Request: POST http://localhost:6333/collections/olmocr_documents/points/scroll "HTTP/1.1 200 OK"
2025-11-25 12:37:25,959 - httpx - INFO - HTTP Request: POST http://localhost:6333/collections/olmocr_documents/points/scroll "HTTP/1.1 200 OK"
2025-11-25 12:37:25,960 - httpx - INFO - HTTP Request: POST http://localhost:6333/collections/olmocr_documents/points/scroll "HTTP/1.1 200 OK"
2025-11-25 12:37:25,961 - httpx - INFO - HTTP Request: POST http://localhost:6333/collections/olmocr_documents/points/scroll "HTTP/1.1 200 OK"
2025-11-25 12:37:25,962 - httpx - INFO - HTTP Request: POST http://localhost:6333/collections/olmocr_documents/points/scroll "HTTP/1.1 200 OK"
2025-11-25 12:37:25,963 - httpx - INFO - HTTP Request: POST http://localhost:6333/collections/olmocr_documents/points/scroll "HTTP/1.1 200 OK"
2025-11-25 12:37:25,964 - httpx - INFO - HTTP Request: POST http://localhost:6333/collections/olmocr_documents/points/scroll "HTTP/1.1 200 OK"
2025-11-25 12:37:25,965 - httpx - INFO - HTTP Request: POST http://localhost:6333/collections/olmocr_documents/points/scroll "HTTP/1.1 200 OK"
2025-11-25 12:37:25,967 - httpx - INFO - HTTP Request: POST http://localhost:6333/collections/olmocr_documents/points/scroll "HTTP/1.1 200 OK"
2025-11-25 12:37:25,968 - httpx - INFO - HTTP Request: POST http://localhost:6333/collections/olmocr_documents/points/scroll "HTTP/1.1 200 OK"
2025-11-25 12:37:25,970 - httpx - INFO - HTTP Request: POST http://localhost:6333/collections/olmocr_documents/points/scroll "HTTP/1.1 200 OK"
2025-11-25 12:37:25,971 - httpx - INFO - HTTP Request: POST http://localhost:6333/collections/olmocr_documents/points/scroll "HTTP/1.1 200 OK"
2025-11-25 12:37:25,972 - httpx - INFO - HTTP Request: POST http://localhost:6333/collections/olmocr_documents/points/scroll "HTTP/1.1 200 OK"
2025-11-25 12:37:25,973 - httpx - INFO - HTTP Request: POST http://localhost:6333/collections/olmocr_documents/points/scroll "HTTP/1.1 200 OK"
2025-11-25 12:37:25,974 - httpx - INFO - HTTP Request: POST http://localhost:6333/collections/olmocr_documents/points/scroll "HTTP/1.1 200 OK"
2025-11-25 12:37:25,975 - httpx - INFO - HTTP Request: POST http://localhost:6333/collections/olmocr_documents/points/scroll "HTTP/1.1 200 OK"
2025-11-25 12:37:25,977 - httpx - INFO - HTTP Request: POST http://localhost:6333/collections/olmocr_documents/points/scroll "HTTP/1.1 200 OK"
2025-11-25 12:37:25,978 - httpx - INFO - HTTP Request: POST http://localhost:6333/collections/olmocr_documents/points/scroll "HTTP/1.1 200 OK"
2025-11-25 12:37:25,979 - httpx - INFO - HTTP Request: POST http://localhost:6333/collections/olmocr_documents/points/scroll "HTTP/1.1 200 OK"
2025-11-25 12:37:25,981 - httpx - INFO - HTTP Request: POST http://localhost:6333/collections/olmocr_documents/points/scroll "HTTP/1.1 200 OK"
2025-11-25 12:37:25,982 - httpx - INFO - HTTP Request: POST http://localhost:6333/collections/olmocr_documents/points/scroll "HTTP/1.1 200 OK"
2025-11-25 12:37:25,984 - httpx - INFO - HTTP Request: POST http://localhost:6333/collections/olmocr_documents/points/scroll "HTTP/1.1 200 OK"
2025-11-25 12:37:25,985 - httpx - INFO - HTTP Request: POST http://localhost:6333/collections/olmocr_documents/points/scroll "HTTP/1.1 200 OK"
2025-11-25 12:37:25,987 - httpx - INFO - HTTP Request: POST http://localhost:6333/collections/olmocr_documents/points/scroll "HTTP/1.1 200 OK"
2025-11-25 12:37:25,988 - httpx - INFO - HTTP Request: POST http://localhost:6333/collections/olmocr_documents/points/scroll "HTTP/1.1 200 OK"
2025-11-25 12:37:25,989 - httpx - INFO - HTTP Request: POST http://localhost:6333/collections/olmocr_documents/points/scroll "HTTP/1.1 200 OK"
2025-11-25 12:37:25,990 - httpx - INFO - HTTP Request: POST http://localhost:6333/collections/olmocr_documents/points/scroll "HTTP/1.1 200 OK"
2025-11-25 12:37:25,992 - httpx - INFO - HTTP Request: POST http://localhost:6333/collections/olmocr_documents/points/scroll "HTTP/1.1 200 OK"
2025-11-25 12:37:25,993 - httpx - INFO - HTTP Request: POST http://localhost:6333/collections/olmocr_documents/points/scroll "HTTP/1.1 200 OK"
2025-11-25 12:37:25,994 - httpx - INFO - HTTP Request: POST http://localhost:6333/collections/olmocr_documents/points/scroll "HTTP/1.1 200 OK"
2025-11-25 12:37:25,995 - httpx - INFO - HTTP Request: POST http://localhost:6333/collections/olmocr_documents/points/scroll "HTTP/1.1 200 OK"
2025-11-25 12:37:25,996 - httpx - INFO - HTTP Request: POST http://localhost:6333/collections/olmocr_documents/points/scroll "HTTP/1.1 200 OK"
2025-11-25 12:37:25,997 - httpx - INFO - HTTP Request: POST http://localhost:6333/collections/olmocr_documents/points/scroll "HTTP/1.1 200 OK"
2025-11-25 12:37:25,998 - httpx - INFO - HTTP Request: POST http://localhost:6333/collections/olmocr_documents/points/scroll "HTTP/1.1 200 OK"
2025-11-25 12:37:26,000 - httpx - INFO - HTTP Request: POST http://localhost:6333/collections/olmocr_documents/points/scroll "HTTP/1.1 200 OK"
2025-11-25 12:37:26,001 - httpx - INFO - HTTP Request: POST http://localhost:6333/collections/olmocr_documents/points/scroll "HTTP/1.1 200 OK"
2025-11-25 12:37:26,003 - httpx - INFO - HTTP Request: POST http://localhost:6333/collections/olmocr_documents/points/scroll "HTTP/1.1 200 OK"
2025-11-25 12:37:26,004 - httpx - INFO - HTTP Request: POST http://localhost:6333/collections/olmocr_documents/points/scroll "HTTP/1.1 200 OK"
2025-11-25 12:37:26,005 - httpx - INFO - HTTP Request: POST http://localhost:6333/collections/olmocr_documents/points/scroll "HTTP/1.1 200 OK"
2025-11-25 12:37:26,006 - httpx - INFO - HTTP Request: POST http://localhost:6333/collections/olmocr_documents/points/scroll "HTTP/1.1 200 OK"
2025-11-25 12:37:26,007 - httpx - INFO - HTTP Request: POST http://localhost:6333/collections/olmocr_documents/points/scroll "HTTP/1.1 200 OK"
2025-11-25 12:37:26,008 - httpx - INFO - HTTP Request: POST http://localhost:6333/collections/olmocr_documents/points/scroll "HTTP/1.1 200 OK"
2025-11-25 12:37:26,009 - httpx - INFO - HTTP Request: POST http://localhost:6333/collections/olmocr_documents/points/scroll "HTTP/1.1 200 OK"
2025-11-25 12:37:26,010 - httpx - INFO - HTTP Request: POST http://localhost:6333/collections/olmocr_documents/points/scroll "HTTP/1.1 200 OK"
2025-11-25 12:37:26,011 - httpx - INFO - HTTP Request: POST http://localhost:6333/collections/olmocr_documents/points/scroll "HTTP/1.1 200 OK"
2025-11-25 12:37:26,012 - httpx - INFO - HTTP Request: POST http://localhost:6333/collections/olmocr_documents/points/scroll "HTTP/1.1 200 OK"
2025-11-25 12:37:26,014 - httpx - INFO - HTTP Request: POST http://localhost:6333/collections/olmocr_documents/points/scroll "HTTP/1.1 200 OK"
2025-11-25 12:37:26,015 - httpx - INFO - HTTP Request: POST http://localhost:6333/collections/olmocr_documents/points/scroll "HTTP/1.1 200 OK"
2025-11-25 12:37:26,016 - httpx - INFO - HTTP Request: POST http://localhost:6333/collections/olmocr_documents/points/scroll "HTTP/1.1 200 OK"
2025-11-25 12:37:26,017 - httpx - INFO - HTTP Request: POST http://localhost:6333/collections/olmocr_documents/points/scroll "HTTP/1.1 200 OK"
2025-11-25 12:37:26,018 - httpx - INFO - HTTP Request: POST http://localhost:6333/collections/olmocr_documents/points/scroll "HTTP/1.1 200 OK"
2025-11-25 12:37:26,019 - httpx - INFO - HTTP Request: POST http://localhost:6333/collections/olmocr_documents/points/scroll "HTTP/1.1 200 OK"
2025-11-25 12:37:26,020 - httpx - INFO - HTTP Request: POST http://localhost:6333/collections/olmocr_documents/points/scroll "HTTP/1.1 200 OK"
2025-11-25 12:37:26,022 - httpx - INFO - HTTP Request: POST http://localhost:6333/collections/olmocr_documents/points/scroll "HTTP/1.1 200 OK"
2025-11-25 12:37:26,023 - httpx - INFO - HTTP Request: POST http://localhost:6333/collections/olmocr_documents/points/scroll "HTTP/1.1 200 OK"
2025-11-25 12:37:26,024 - httpx - INFO - HTTP Request: POST http://localhost:6333/collections/olmocr_documents/points/scroll "HTTP/1.1 200 OK"
2025-11-25 12:37:26,026 - httpx - INFO - HTTP Request: POST http://localhost:6333/collections/olmocr_documents/points/scroll "HTTP/1.1 200 OK"
2025-11-25 12:37:26,027 - httpx - INFO - HTTP Request: POST http://localhost:6333/collections/olmocr_documents/points/scroll "HTTP/1.1 200 OK"
2025-11-25 12:37:26,028 - httpx - INFO - HTTP Request: POST http://localhost:6333/collections/olmocr_documents/points/scroll "HTTP/1.1 200 OK"
2025-11-25 12:37:26,029 - httpx - INFO - HTTP Request: POST http://localhost:6333/collections/olmocr_documents/points/scroll "HTTP/1.1 200 OK"
2025-11-25 12:37:26,030 - httpx - INFO - HTTP Request: POST http://localhost:6333/collections/olmocr_documents/points/scroll "HTTP/1.1 200 OK"
2025-11-25 12:37:26,031 - httpx - INFO - HTTP Request: POST http://localhost:6333/collections/olmocr_documents/points/scroll "HTTP/1.1 200 OK"
2025-11-25 12:37:26,032 - httpx - INFO - HTTP Request: POST http://localhost:6333/collections/olmocr_documents/points/scroll "HTTP/1.1 200 OK"
2025-11-25 12:37:26,033 - httpx - INFO - HTTP Request: POST http://localhost:6333/collections/olmocr_documents/points/scroll "HTTP/1.1 200 OK"
2025-11-25 12:37:26,034 - httpx - INFO - HTTP Request: POST http://localhost:6333/collections/olmocr_documents/points/scroll "HTTP/1.1 200 OK"
2025-11-25 12:37:26,036 - httpx - INFO - HTTP Request: POST http://localhost:6333/collections/olmocr_documents/points/scroll "HTTP/1.1 200 OK"
2025-11-25 12:37:26,037 - httpx - INFO - HTTP Request: POST http://localhost:6333/collections/olmocr_documents/points/scroll "HTTP/1.1 200 OK"
2025-11-25 12:37:26,038 - httpx - INFO - HTTP Request: POST http://localhost:6333/collections/olmocr_documents/points/scroll "HTTP/1.1 200 OK"
2025-11-25 12:37:26,039 - httpx - INFO - HTTP Request: POST http://localhost:6333/collections/olmocr_documents/points/scroll "HTTP/1.1 200 OK"
2025-11-25 12:37:26,040 - httpx - INFO - HTTP Request: POST http://localhost:6333/collections/olmocr_documents/points/scroll "HTTP/1.1 200 OK"
2025-11-25 12:37:26,042 - httpx - INFO - HTTP Request: POST http://localhost:6333/collections/olmocr_documents/points/scroll "HTTP/1.1 200 OK"
2025-11-25 12:37:26,043 - httpx - INFO - HTTP Request: POST http://localhost:6333/collections/olmocr_documents/points/scroll "HTTP/1.1 200 OK"
2025-11-25 12:37:26,044 - httpx - INFO - HTTP Request: POST http://localhost:6333/collections/olmocr_documents/points/scroll "HTTP/1.1 200 OK"
2025-11-25 12:37:26,045 - httpx - INFO - HTTP Request: POST http://localhost:6333/collections/olmocr_documents/points/scroll "HTTP/1.1 200 OK"
2025-11-25 12:37:26,046 - httpx - INFO - HTTP Request: POST http://localhost:6333/collections/olmocr_documents/points/scroll "HTTP/1.1 200 OK"
2025-11-25 12:37:26,048 - httpx - INFO - HTTP Request: POST http://localhost:6333/collections/olmocr_documents/points/scroll "HTTP/1.1 200 OK"
2025-11-25 12:37:26,049 - httpx - INFO - HTTP Request: POST http://localhost:6333/collections/olmocr_documents/points/scroll "HTTP/1.1 200 OK"
2025-11-25 12:37:26,050 - httpx - INFO - HTTP Request: POST http://localhost:6333/collections/olmocr_documents/points/scroll "HTTP/1.1 200 OK"
2025-11-25 12:37:26,051 - httpx - INFO - HTTP Request: POST http://localhost:6333/collections/olmocr_documents/points/scroll "HTTP/1.1 200 OK"
2025-11-25 12:37:26,052 - httpx - INFO - HTTP Request: POST http://localhost:6333/collections/olmocr_documents/points/scroll "HTTP/1.1 200 OK"
2025-11-25 12:37:26,053 - httpx - INFO - HTTP Request: POST http://localhost:6333/collections/olmocr_documents/points/scroll "HTTP/1.1 200 OK"
2025-11-25 12:37:26,054 - httpx - INFO - HTTP Request: POST http://localhost:6333/collections/olmocr_documents/points/scroll "HTTP/1.1 200 OK"
2025-11-25 12:37:26,055 - httpx - INFO - HTTP Request: POST http://localhost:6333/collections/olmocr_documents/points/scroll "HTTP/1.1 200 OK"
2025-11-25 12:37:26,056 - httpx - INFO - HTTP Request: POST http://localhost:6333/collections/olmocr_documents/points/scroll "HTTP/1.1 200 OK"
2025-11-25 12:37:26,057 - httpx - INFO - HTTP Request: POST http://localhost:6333/collections/olmocr_documents/points/scroll "HTTP/1.1 200 OK"
2025-11-25 12:37:26,058 - httpx - INFO - HTTP Request: POST http://localhost:6333/collections/olmocr_documents/points/scroll "HTTP/1.1 200 OK"
2025-11-25 12:37:26,059 - httpx - INFO - HTTP Request: POST http://localhost:6333/collections/olmocr_documents/points/scroll "HTTP/1.1 200 OK"
2025-11-25 12:37:26,060 - httpx - INFO - HTTP Request: POST http://localhost:6333/collections/olmocr_documents/points/scroll "HTTP/1.1 200 OK"
2025-11-25 12:37:26,061 - httpx - INFO - HTTP Request: POST http://localhost:6333/collections/olmocr_documents/points/scroll "HTTP/1.1 200 OK"
2025-11-25 12:37:26,063 - httpx - INFO - HTTP Request: POST http://localhost:6333/collections/olmocr_documents/points/scroll "HTTP/1.1 200 OK"
2025-11-25 12:37:26,064 - httpx - INFO - HTTP Request: POST http://localhost:6333/collections/olmocr_documents/points/scroll "HTTP/1.1 200 OK"
2025-11-25 12:37:26,065 - httpx - INFO - HTTP Request: POST http://localhost:6333/collections/olmocr_documents/points/scroll "HTTP/1.1 200 OK"
2025-11-25 12:37:26,066 - httpx - INFO - HTTP Request: POST http://localhost:6333/collections/olmocr_documents/points/scroll "HTTP/1.1 200 OK"
2025-11-25 12:37:26,067 - httpx - INFO - HTTP Request: POST http://localhost:6333/collections/olmocr_documents/points/scroll "HTTP/1.1 200 OK"
2025-11-25 12:37:26,068 - httpx - INFO - HTTP Request: POST http://localhost:6333/collections/olmocr_documents/points/scroll "HTTP/1.1 200 OK"
2025-11-25 12:37:26,070 - httpx - INFO - HTTP Request: POST http://localhost:6333/collections/olmocr_documents/points/scroll "HTTP/1.1 200 OK"
2025-11-25 12:37:26,071 - httpx - INFO - HTTP Request: POST http://localhost:6333/collections/olmocr_documents/points/scroll "HTTP/1.1 200 OK"
2025-11-25 12:37:26,073 - httpx - INFO - HTTP Request: POST http://localhost:6333/collections/olmocr_documents/points/scroll "HTTP/1.1 200 OK"
2025-11-25 12:37:26,075 - httpx - INFO - HTTP Request: POST http://localhost:6333/collections/olmocr_documents/points/scroll "HTTP/1.1 200 OK"
2025-11-25 12:37:26,076 - httpx - INFO - HTTP Request: POST http://localhost:6333/collections/olmocr_documents/points/scroll "HTTP/1.1 200 OK"
2025-11-25 12:37:26,077 - httpx - INFO - HTTP Request: POST http://localhost:6333/collections/olmocr_documents/points/scroll "HTTP/1.1 200 OK"
2025-11-25 12:37:26,078 - httpx - INFO - HTTP Request: POST http://localhost:6333/collections/olmocr_documents/points/scroll "HTTP/1.1 200 OK"
2025-11-25 12:37:26,079 - httpx - INFO - HTTP Request: POST http://localhost:6333/collections/olmocr_documents/points/scroll "HTTP/1.1 200 OK"
2025-11-25 12:37:26,080 - httpx - INFO - HTTP Request: POST http://localhost:6333/collections/olmocr_documents/points/scroll "HTTP/1.1 200 OK"
2025-11-25 12:37:26,081 - httpx - INFO - HTTP Request: POST http://localhost:6333/collections/olmocr_documents/points/scroll "HTTP/1.1 200 OK"
2025-11-25 12:37:26,082 - httpx - INFO - HTTP Request: POST http://localhost:6333/collections/olmocr_documents/points/scroll "HTTP/1.1 200 OK"
2025-11-25 12:37:26,084 - httpx - INFO - HTTP Request: POST http://localhost:6333/collections/olmocr_documents/points/scroll "HTTP/1.1 200 OK"
2025-11-25 12:37:26,085 - httpx - INFO - HTTP Request: POST http://localhost:6333/collections/olmocr_documents/points/scroll "HTTP/1.1 200 OK"
2025-11-25 12:37:26,087 - httpx - INFO - HTTP Request: POST http://localhost:6333/collections/olmocr_documents/points/scroll "HTTP/1.1 200 OK"
2025-11-25 12:37:26,089 - httpx - INFO - HTTP Request: POST http://localhost:6333/collections/olmocr_documents/points/scroll "HTTP/1.1 200 OK"
2025-11-25 12:37:26,090 - httpx - INFO - HTTP Request: POST http://localhost:6333/collections/olmocr_documents/points/scroll "HTTP/1.1 200 OK"
2025-11-25 12:37:26,092 - httpx - INFO - HTTP Request: POST http://localhost:6333/collections/olmocr_documents/points/scroll "HTTP/1.1 200 OK"
2025-11-25 12:37:26,093 - httpx - INFO - HTTP Request: POST http://localhost:6333/collections/olmocr_documents/points/scroll "HTTP/1.1 200 OK"
2025-11-25 12:37:26,094 - httpx - INFO - HTTP Request: POST http://localhost:6333/collections/olmocr_documents/points/scroll "HTTP/1.1 200 OK"
2025-11-25 12:37:26,096 - httpx - INFO - HTTP Request: POST http://localhost:6333/collections/olmocr_documents/points/scroll "HTTP/1.1 200 OK"
2025-11-25 12:37:26,097 - httpx - INFO - HTTP Request: POST http://localhost:6333/collections/olmocr_documents/points/scroll "HTTP/1.1 200 OK"
2025-11-25 12:37:26,099 - httpx - INFO - HTTP Request: POST http://localhost:6333/collections/olmocr_documents/points/scroll "HTTP/1.1 200 OK"
2025-11-25 12:37:26,100 - httpx - INFO - HTTP Request: POST http://localhost:6333/collections/olmocr_documents/points/scroll "HTTP/1.1 200 OK"
2025-11-25 12:37:26,101 - httpx - INFO - HTTP Request: POST http://localhost:6333/collections/olmocr_documents/points/scroll "HTTP/1.1 200 OK"
2025-11-25 12:37:26,102 - httpx - INFO - HTTP Request: POST http://localhost:6333/collections/olmocr_documents/points/scroll "HTTP/1.1 200 OK"
2025-11-25 12:37:26,103 - httpx - INFO - HTTP Request: POST http://localhost:6333/collections/olmocr_documents/points/scroll "HTTP/1.1 200 OK"
2025-11-25 12:37:26,104 - httpx - INFO - HTTP Request: POST http://localhost:6333/collections/olmocr_documents/points/scroll "HTTP/1.1 200 OK"
2025-11-25 12:37:26,105 - httpx - INFO - HTTP Request: POST http://localhost:6333/collections/olmocr_documents/points/scroll "HTTP/1.1 200 OK"
2025-11-25 12:37:26,107 - httpx - INFO - HTTP Request: POST http://localhost:6333/collections/olmocr_documents/points/scroll "HTTP/1.1 200 OK"
2025-11-25 12:37:26,108 - httpx - INFO - HTTP Request: POST http://localhost:6333/collections/olmocr_documents/points/scroll "HTTP/1.1 200 OK"
2025-11-25 12:37:26,110 - httpx - INFO - HTTP Request: POST http://localhost:6333/collections/olmocr_documents/points/scroll "HTTP/1.1 200 OK"
2025-11-25 12:37:26,111 - httpx - INFO - HTTP Request: POST http://localhost:6333/collections/olmocr_documents/points/scroll "HTTP/1.1 200 OK"
2025-11-25 12:37:26,113 - httpx - INFO - HTTP Request: POST http://localhost:6333/collections/olmocr_documents/points/scroll "HTTP/1.1 200 OK"
2025-11-25 12:37:26,114 - httpx - INFO - HTTP Request: POST http://localhost:6333/collections/olmocr_documents/points/scroll "HTTP/1.1 200 OK"
2025-11-25 12:37:26,115 - httpx - INFO - HTTP Request: POST http://localhost:6333/collections/olmocr_documents/points/scroll "HTTP/1.1 200 OK"
2025-11-25 12:37:26,117 - httpx - INFO - HTTP Request: POST http://localhost:6333/collections/olmocr_documents/points/scroll "HTTP/1.1 200 OK"
2025-11-25 12:37:26,118 - httpx - INFO - HTTP Request: POST http://localhost:6333/collections/olmocr_documents/points/scroll "HTTP/1.1 200 OK"
2025-11-25 12:37:26,119 - httpx - INFO - HTTP Request: POST http://localhost:6333/collections/olmocr_documents/points/scroll "HTTP/1.1 200 OK"
2025-11-25 12:37:26,120 - httpx - INFO - HTTP Request: POST http://localhost:6333/collections/olmocr_documents/points/scroll "HTTP/1.1 200 OK"
2025-11-25 12:37:26,122 - httpx - INFO - HTTP Request: POST http://localhost:6333/collections/olmocr_documents/points/scroll "HTTP/1.1 200 OK"
2025-11-25 12:37:26,123 - httpx - INFO - HTTP Request: POST http://localhost:6333/collections/olmocr_documents/points/scroll "HTTP/1.1 200 OK"
2025-11-25 12:37:26,124 - httpx - INFO - HTTP Request: POST http://localhost:6333/collections/olmocr_documents/points/scroll "HTTP/1.1 200 OK"
2025-11-25 12:37:26,125 - httpx - INFO - HTTP Request: POST http://localhost:6333/collections/olmocr_documents/points/scroll "HTTP/1.1 200 OK"
2025-11-25 12:37:26,126 - httpx - INFO - HTTP Request: POST http://localhost:6333/collections/olmocr_documents/points/scroll "HTTP/1.1 200 OK"
2025-11-25 12:37:26,127 - httpx - INFO - HTTP Request: POST http://localhost:6333/collections/olmocr_documents/points/scroll "HTTP/1.1 200 OK"
2025-11-25 12:37:26,128 - httpx - INFO - HTTP Request: POST http://localhost:6333/collections/olmocr_documents/points/scroll "HTTP/1.1 200 OK"
2025-11-25 12:37:26,129 - httpx - INFO - HTTP Request: POST http://localhost:6333/collections/olmocr_documents/points/scroll "HTTP/1.1 200 OK"
2025-11-25 12:37:26,130 - httpx - INFO - HTTP Request: POST http://localhost:6333/collections/olmocr_documents/points/scroll "HTTP/1.1 200 OK"
2025-11-25 12:37:26,131 - httpx - INFO - HTTP Request: POST http://localhost:6333/collections/olmocr_documents/points/scroll "HTTP/1.1 200 OK"
2025-11-25 12:37:26,133 - httpx - INFO - HTTP Request: POST http://localhost:6333/collections/olmocr_documents/points/scroll "HTTP/1.1 200 OK"
2025-11-25 12:37:26,134 - httpx - INFO - HTTP Request: POST http://localhost:6333/collections/olmocr_documents/points/scroll "HTTP/1.1 200 OK"
2025-11-25 12:37:26,135 - httpx - INFO - HTTP Request: POST http://localhost:6333/collections/olmocr_documents/points/scroll "HTTP/1.1 200 OK"
2025-11-25 12:37:26,137 - httpx - INFO - HTTP Request: POST http://localhost:6333/collections/olmocr_documents/points/scroll "HTTP/1.1 200 OK"
2025-11-25 12:37:26,138 - httpx - INFO - HTTP Request: POST http://localhost:6333/collections/olmocr_documents/points/scroll "HTTP/1.1 200 OK"
2025-11-25 12:37:26,139 - httpx - INFO - HTTP Request: POST http://localhost:6333/collections/olmocr_documents/points/scroll "HTTP/1.1 200 OK"
2025-11-25 12:37:26,141 - httpx - INFO - HTTP Request: POST http://localhost:6333/collections/olmocr_documents/points/scroll "HTTP/1.1 200 OK"
2025-11-25 12:37:26,142 - httpx - INFO - HTTP Request: POST http://localhost:6333/collections/olmocr_documents/points/scroll "HTTP/1.1 200 OK"
2025-11-25 12:37:26,143 - httpx - INFO - HTTP Request: POST http://localhost:6333/collections/olmocr_documents/points/scroll "HTTP/1.1 200 OK"
2025-11-25 12:37:26,144 - httpx - INFO - HTTP Request: POST http://localhost:6333/collections/olmocr_documents/points/scroll "HTTP/1.1 200 OK"
2025-11-25 12:37:26,145 - httpx - INFO - HTTP Request: POST http://localhost:6333/collections/olmocr_documents/points/scroll "HTTP/1.1 200 OK"
2025-11-25 12:37:26,146 - httpx - INFO - HTTP Request: POST http://localhost:6333/collections/olmocr_documents/points/scroll "HTTP/1.1 200 OK"
2025-11-25 12:37:26,147 - httpx - INFO - HTTP Request: POST http://localhost:6333/collections/olmocr_documents/points/scroll "HTTP/1.1 200 OK"
2025-11-25 12:37:26,148 - httpx - INFO - HTTP Request: POST http://localhost:6333/collections/olmocr_documents/points/scroll "HTTP/1.1 200 OK"
2025-11-25 12:37:26,149 - httpx - INFO - HTTP Request: POST http://localhost:6333/collections/olmocr_documents/points/scroll "HTTP/1.1 200 OK"
2025-11-25 12:37:26,150 - httpx - INFO - HTTP Request: POST http://localhost:6333/collections/olmocr_documents/points/scroll "HTTP/1.1 200 OK"
2025-11-25 12:37:26,151 - httpx - INFO - HTTP Request: POST http://localhost:6333/collections/olmocr_documents/points/scroll "HTTP/1.1 200 OK"
2025-11-25 12:37:26,152 - httpx - INFO - HTTP Request: POST http://localhost:6333/collections/olmocr_documents/points/scroll "HTTP/1.1 200 OK"
2025-11-25 12:37:26,153 - httpx - INFO - HTTP Request: POST http://localhost:6333/collections/olmocr_documents/points/scroll "HTTP/1.1 200 OK"
2025-11-25 12:37:26,154 - httpx - INFO - HTTP Request: POST http://localhost:6333/collections/olmocr_documents/points/scroll "HTTP/1.1 200 OK"
2025-11-25 12:37:26,155 - httpx - INFO - HTTP Request: POST http://localhost:6333/collections/olmocr_documents/points/scroll "HTTP/1.1 200 OK"
2025-11-25 12:37:26,157 - httpx - INFO - HTTP Request: POST http://localhost:6333/collections/olmocr_documents/points/scroll "HTTP/1.1 200 OK"
2025-11-25 12:37:26,158 - httpx - INFO - HTTP Request: POST http://localhost:6333/collections/olmocr_documents/points/scroll "HTTP/1.1 200 OK"
2025-11-25 12:37:26,159 - httpx - INFO - HTTP Request: POST http://localhost:6333/collections/olmocr_documents/points/scroll "HTTP/1.1 200 OK"
2025-11-25 12:37:26,160 - httpx - INFO - HTTP Request: POST http://localhost:6333/collections/olmocr_documents/points/scroll "HTTP/1.1 200 OK"
2025-11-25 12:37:26,162 - httpx - INFO - HTTP Request: POST http://localhost:6333/collections/olmocr_documents/points/scroll "HTTP/1.1 200 OK"
2025-11-25 12:37:26,163 - httpx - INFO - HTTP Request: POST http://localhost:6333/collections/olmocr_documents/points/scroll "HTTP/1.1 200 OK"
2025-11-25 12:37:26,164 - httpx - INFO - HTTP Request: POST http://localhost:6333/collections/olmocr_documents/points/scroll "HTTP/1.1 200 OK"
2025-11-25 12:37:26,165 - httpx - INFO - HTTP Request: POST http://localhost:6333/collections/olmocr_documents/points/scroll "HTTP/1.1 200 OK"
2025-11-25 12:37:26,166 - httpx - INFO - HTTP Request: POST http://localhost:6333/collections/olmocr_documents/points/scroll "HTTP/1.1 200 OK"
2025-11-25 12:37:26,167 - httpx - INFO - HTTP Request: POST http://localhost:6333/collections/olmocr_documents/points/scroll "HTTP/1.1 200 OK"
2025-11-25 12:37:26,168 - httpx - INFO - HTTP Request: POST http://localhost:6333/collections/olmocr_documents/points/scroll "HTTP/1.1 200 OK"
2025-11-25 12:37:26,169 - httpx - INFO - HTTP Request: POST http://localhost:6333/collections/olmocr_documents/points/scroll "HTTP/1.1 200 OK"
2025-11-25 12:37:26,170 - httpx - INFO - HTTP Request: POST http://localhost:6333/collections/olmocr_documents/points/scroll "HTTP/1.1 200 OK"
2025-11-25 12:37:26,171 - httpx - INFO - HTTP Request: POST http://localhost:6333/collections/olmocr_documents/points/scroll "HTTP/1.1 200 OK"
2025-11-25 12:37:26,172 - httpx - INFO - HTTP Request: POST http://localhost:6333/collections/olmocr_documents/points/scroll "HTTP/1.1 200 OK"
2025-11-25 12:37:26,173 - httpx - INFO - HTTP Request: POST http://localhost:6333/collections/olmocr_documents/points/scroll "HTTP/1.1 200 OK"
2025-11-25 12:37:26,174 - httpx - INFO - HTTP Request: POST http://localhost:6333/collections/olmocr_documents/points/scroll "HTTP/1.1 200 OK"
2025-11-25 12:37:26,175 - httpx - INFO - HTTP Request: POST http://localhost:6333/collections/olmocr_documents/points/scroll "HTTP/1.1 200 OK"
2025-11-25 12:37:26,176 - httpx - INFO - HTTP Request: POST http://localhost:6333/collections/olmocr_documents/points/scroll "HTTP/1.1 200 OK"
2025-11-25 12:37:26,178 - httpx - INFO - HTTP Request: POST http://localhost:6333/collections/olmocr_documents/points/scroll "HTTP/1.1 200 OK"
2025-11-25 12:37:26,180 - httpx - INFO - HTTP Request: POST http://localhost:6333/collections/olmocr_documents/points/scroll "HTTP/1.1 200 OK"
2025-11-25 12:37:26,181 - httpx - INFO - HTTP Request: POST http://localhost:6333/collections/olmocr_documents/points/scroll "HTTP/1.1 200 OK"
2025-11-25 12:37:26,182 - httpx - INFO - HTTP Request: POST http://localhost:6333/collections/olmocr_documents/points/scroll "HTTP/1.1 200 OK"
2025-11-25 12:37:26,184 - httpx - INFO - HTTP Request: POST http://localhost:6333/collections/olmocr_documents/points/scroll "HTTP/1.1 200 OK"
2025-11-25 12:37:26,186 - httpx - INFO - HTTP Request: POST http://localhost:6333/collections/olmocr_documents/points/scroll "HTTP/1.1 200 OK"
2025-11-25 12:37:26,187 - httpx - INFO - HTTP Request: POST http://localhost:6333/collections/olmocr_documents/points/scroll "HTTP/1.1 200 OK"
2025-11-25 12:37:26,189 - httpx - INFO - HTTP Request: POST http://localhost:6333/collections/olmocr_documents/points/scroll "HTTP/1.1 200 OK"
2025-11-25 12:37:26,190 - httpx - INFO - HTTP Request: POST http://localhost:6333/collections/olmocr_documents/points/scroll "HTTP/1.1 200 OK"
2025-11-25 12:37:26,191 - httpx - INFO - HTTP Request: POST http://localhost:6333/collections/olmocr_documents/points/scroll "HTTP/1.1 200 OK"
2025-11-25 12:37:26,193 - httpx - INFO - HTTP Request: POST http://localhost:6333/collections/olmocr_documents/points/scroll "HTTP/1.1 200 OK"
2025-11-25 12:37:26,194 - httpx - INFO - HTTP Request: POST http://localhost:6333/collections/olmocr_documents/points/scroll "HTTP/1.1 200 OK"
2025-11-25 12:37:26,196 - httpx - INFO - HTTP Request: POST http://localhost:6333/collections/olmocr_documents/points/scroll "HTTP/1.1 200 OK"
2025-11-25 12:37:26,197 - httpx - INFO - HTTP Request: POST http://localhost:6333/collections/olmocr_documents/points/scroll "HTTP/1.1 200 OK"
2025-11-25 12:37:26,198 - httpx - INFO - HTTP Request: POST http://localhost:6333/collections/olmocr_documents/points/scroll "HTTP/1.1 200 OK"
2025-11-25 12:37:26,199 - httpx - INFO - HTTP Request: POST http://localhost:6333/collections/olmocr_documents/points/scroll "HTTP/1.1 200 OK"
2025-11-25 12:37:26,200 - httpx - INFO - HTTP Request: POST http://localhost:6333/collections/olmocr_documents/points/scroll "HTTP/1.1 200 OK"
2025-11-25 12:37:26,202 - httpx - INFO - HTTP Request: POST http://localhost:6333/collections/olmocr_documents/points/scroll "HTTP/1.1 200 OK"
2025-11-25 12:37:26,203 - httpx - INFO - HTTP Request: POST http://localhost:6333/collections/olmocr_documents/points/scroll "HTTP/1.1 200 OK"
2025-11-25 12:37:26,205 - httpx - INFO - HTTP Request: POST http://localhost:6333/collections/olmocr_documents/points/scroll "HTTP/1.1 200 OK"
2025-11-25 12:37:26,206 - httpx - INFO - HTTP Request: POST http://localhost:6333/collections/olmocr_documents/points/scroll "HTTP/1.1 200 OK"
2025-11-25 12:37:26,207 - httpx - INFO - HTTP Request: POST http://localhost:6333/collections/olmocr_documents/points/scroll "HTTP/1.1 200 OK"
2025-11-25 12:37:26,208 - httpx - INFO - HTTP Request: POST http://localhost:6333/collections/olmocr_documents/points/scroll "HTTP/1.1 200 OK"
2025-11-25 12:37:26,210 - httpx - INFO - HTTP Request: POST http://localhost:6333/collections/olmocr_documents/points/scroll "HTTP/1.1 200 OK"
2025-11-25 12:37:26,211 - httpx - INFO - HTTP Request: POST http://localhost:6333/collections/olmocr_documents/points/scroll "HTTP/1.1 200 OK"
2025-11-25 12:37:26,212 - httpx - INFO - HTTP Request: POST http://localhost:6333/collections/olmocr_documents/points/scroll "HTTP/1.1 200 OK"
2025-11-25 12:37:26,213 - httpx - INFO - HTTP Request: POST http://localhost:6333/collections/olmocr_documents/points/scroll "HTTP/1.1 200 OK"
2025-11-25 12:37:26,215 - httpx - INFO - HTTP Request: POST http://localhost:6333/collections/olmocr_documents/points/scroll "HTTP/1.1 200 OK"
2025-11-25 12:37:26,216 - httpx - INFO - HTTP Request: POST http://localhost:6333/collections/olmocr_documents/points/scroll "HTTP/1.1 200 OK"
2025-11-25 12:37:26,217 - httpx - INFO - HTTP Request: POST http://localhost:6333/collections/olmocr_documents/points/scroll "HTTP/1.1 200 OK"
2025-11-25 12:37:26,219 - httpx - INFO - HTTP Request: POST http://localhost:6333/collections/olmocr_documents/points/scroll "HTTP/1.1 200 OK"
2025-11-25 12:37:26,220 - httpx - INFO - HTTP Request: POST http://localhost:6333/collections/olmocr_documents/points/scroll "HTTP/1.1 200 OK"
2025-11-25 12:37:26,221 - httpx - INFO - HTTP Request: POST http://localhost:6333/collections/olmocr_documents/points/scroll "HTTP/1.1 200 OK"
2025-11-25 12:37:26,222 - httpx - INFO - HTTP Request: POST http://localhost:6333/collections/olmocr_documents/points/scroll "HTTP/1.1 200 OK"
2025-11-25 12:37:26,224 - httpx - INFO - HTTP Request: POST http://localhost:6333/collections/olmocr_documents/points/scroll "HTTP/1.1 200 OK"
2025-11-25 12:37:26,225 - httpx - INFO - HTTP Request: POST http://localhost:6333/collections/olmocr_documents/points/scroll "HTTP/1.1 200 OK"
2025-11-25 12:37:26,226 - httpx - INFO - HTTP Request: POST http://localhost:6333/collections/olmocr_documents/points/scroll "HTTP/1.1 200 OK"
2025-11-25 12:37:26,227 - httpx - INFO - HTTP Request: POST http://localhost:6333/collections/olmocr_documents/points/scroll "HTTP/1.1 200 OK"
2025-11-25 12:37:26,229 - httpx - INFO - HTTP Request: POST http://localhost:6333/collections/olmocr_documents/points/scroll "HTTP/1.1 200 OK"
2025-11-25 12:37:26,230 - httpx - INFO - HTTP Request: POST http://localhost:6333/collections/olmocr_documents/points/scroll "HTTP/1.1 200 OK"
2025-11-25 12:37:26,231 - httpx - INFO - HTTP Request: POST http://localhost:6333/collections/olmocr_documents/points/scroll "HTTP/1.1 200 OK"
2025-11-25 12:37:26,232 - httpx - INFO - HTTP Request: POST http://localhost:6333/collections/olmocr_documents/points/scroll "HTTP/1.1 200 OK"
2025-11-25 12:37:26,233 - httpx - INFO - HTTP Request: POST http://localhost:6333/collections/olmocr_documents/points/scroll "HTTP/1.1 200 OK"
2025-11-25 12:37:26,234 - httpx - INFO - HTTP Request: POST http://localhost:6333/collections/olmocr_documents/points/scroll "HTTP/1.1 200 OK"
2025-11-25 12:37:26,235 - httpx - INFO - HTTP Request: POST http://localhost:6333/collections/olmocr_documents/points/scroll "HTTP/1.1 200 OK"
2025-11-25 12:37:26,236 - httpx - INFO - HTTP Request: POST http://localhost:6333/collections/olmocr_documents/points/scroll "HTTP/1.1 200 OK"
2025-11-25 12:37:26,237 - httpx - INFO - HTTP Request: POST http://localhost:6333/collections/olmocr_documents/points/scroll "HTTP/1.1 200 OK"
2025-11-25 12:37:26,239 - httpx - INFO - HTTP Request: POST http://localhost:6333/collections/olmocr_documents/points/scroll "HTTP/1.1 200 OK"
2025-11-25 12:37:26,240 - httpx - INFO - HTTP Request: POST http://localhost:6333/collections/olmocr_documents/points/scroll "HTTP/1.1 200 OK"
2025-11-25 12:37:26,241 - httpx - INFO - HTTP Request: POST http://localhost:6333/collections/olmocr_documents/points/scroll "HTTP/1.1 200 OK"
2025-11-25 12:37:26,243 - httpx - INFO - HTTP Request: POST http://localhost:6333/collections/olmocr_documents/points/scroll "HTTP/1.1 200 OK"
2025-11-25 12:37:26,244 - httpx - INFO - HTTP Request: POST http://localhost:6333/collections/olmocr_documents/points/scroll "HTTP/1.1 200 OK"
2025-11-25 12:37:26,246 - httpx - INFO - HTTP Request: POST http://localhost:6333/collections/olmocr_documents/points/scroll "HTTP/1.1 200 OK"
2025-11-25 12:37:26,247 - httpx - INFO - HTTP Request: POST http://localhost:6333/collections/olmocr_documents/points/scroll "HTTP/1.1 200 OK"
2025-11-25 12:37:26,249 - httpx - INFO - HTTP Request: POST http://localhost:6333/collections/olmocr_documents/points/scroll "HTTP/1.1 200 OK"
2025-11-25 12:37:26,250 - httpx - INFO - HTTP Request: POST http://localhost:6333/collections/olmocr_documents/points/scroll "HTTP/1.1 200 OK"
2025-11-25 12:37:26,251 - httpx - INFO - HTTP Request: POST http://localhost:6333/collections/olmocr_documents/points/scroll "HTTP/1.1 200 OK"
2025-11-25 12:37:26,252 - httpx - INFO - HTTP Request: POST http://localhost:6333/collections/olmocr_documents/points/scroll "HTTP/1.1 200 OK"
2025-11-25 12:37:26,254 - httpx - INFO - HTTP Request: POST http://localhost:6333/collections/olmocr_documents/points/scroll "HTTP/1.1 200 OK"
2025-11-25 12:37:26,255 - httpx - INFO - HTTP Request: POST http://localhost:6333/collections/olmocr_documents/points/scroll "HTTP/1.1 200 OK"
2025-11-25 12:37:26,257 - httpx - INFO - HTTP Request: POST http://localhost:6333/collections/olmocr_documents/points/scroll "HTTP/1.1 200 OK"
2025-11-25 12:37:26,258 - httpx - INFO - HTTP Request: POST http://localhost:6333/collections/olmocr_documents/points/scroll "HTTP/1.1 200 OK"
2025-11-25 12:37:26,259 - httpx - INFO - HTTP Request: POST http://localhost:6333/collections/olmocr_documents/points/scroll "HTTP/1.1 200 OK"
2025-11-25 12:37:26,260 - httpx - INFO - HTTP Request: POST http://localhost:6333/collections/olmocr_documents/points/scroll "HTTP/1.1 200 OK"
2025-11-25 12:37:26,261 - httpx - INFO - HTTP Request: POST http://localhost:6333/collections/olmocr_documents/points/scroll "HTTP/1.1 200 OK"
2025-11-25 12:37:26,262 - httpx - INFO - HTTP Request: POST http://localhost:6333/collections/olmocr_documents/points/scroll "HTTP/1.1 200 OK"
2025-11-25 12:37:26,263 - httpx - INFO - HTTP Request: POST http://localhost:6333/collections/olmocr_documents/points/scroll "HTTP/1.1 200 OK"
2025-11-25 12:37:26,265 - httpx - INFO - HTTP Request: POST http://localhost:6333/collections/olmocr_documents/points/scroll "HTTP/1.1 200 OK"
2025-11-25 12:37:26,266 - httpx - INFO - HTTP Request: POST http://localhost:6333/collections/olmocr_documents/points/scroll "HTTP/1.1 200 OK"
2025-11-25 12:37:26,267 - httpx - INFO - HTTP Request: POST http://localhost:6333/collections/olmocr_documents/points/scroll "HTTP/1.1 200 OK"
2025-11-25 12:37:26,269 - httpx - INFO - HTTP Request: POST http://localhost:6333/collections/olmocr_documents/points/scroll "HTTP/1.1 200 OK"
2025-11-25 12:37:26,270 - httpx - INFO - HTTP Request: POST http://localhost:6333/collections/olmocr_documents/points/scroll "HTTP/1.1 200 OK"
2025-11-25 12:37:26,271 - httpx - INFO - HTTP Request: POST http://localhost:6333/collections/olmocr_documents/points/scroll "HTTP/1.1 200 OK"
2025-11-25 12:37:26,273 - httpx - INFO - HTTP Request: POST http://localhost:6333/collections/olmocr_documents/points/scroll "HTTP/1.1 200 OK"
2025-11-25 12:37:26,274 - httpx - INFO - HTTP Request: POST http://localhost:6333/collections/olmocr_documents/points/scroll "HTTP/1.1 200 OK"
2025-11-25 12:37:26,275 - httpx - INFO - HTTP Request: POST http://localhost:6333/collections/olmocr_documents/points/scroll "HTTP/1.1 200 OK"
2025-11-25 12:37:26,276 - httpx - INFO - HTTP Request: POST http://localhost:6333/collections/olmocr_documents/points/scroll "HTTP/1.1 200 OK"
2025-11-25 12:37:26,277 - httpx - INFO - HTTP Request: POST http://localhost:6333/collections/olmocr_documents/points/scroll "HTTP/1.1 200 OK"
2025-11-25 12:37:26,278 - httpx - INFO - HTTP Request: POST http://localhost:6333/collections/olmocr_documents/points/scroll "HTTP/1.1 200 OK"
2025-11-25 12:37:26,280 - httpx - INFO - HTTP Request: POST http://localhost:6333/collections/olmocr_documents/points/scroll "HTTP/1.1 200 OK"
2025-11-25 12:37:26,281 - httpx - INFO - HTTP Request: POST http://localhost:6333/collections/olmocr_documents/points/scroll "HTTP/1.1 200 OK"
2025-11-25 12:37:26,283 - httpx - INFO - HTTP Request: POST http://localhost:6333/collections/olmocr_documents/points/scroll "HTTP/1.1 200 OK"
2025-11-25 12:37:26,284 - httpx - INFO - HTTP Request: POST http://localhost:6333/collections/olmocr_documents/points/scroll "HTTP/1.1 200 OK"
2025-11-25 12:37:26,285 - httpx - INFO - HTTP Request: POST http://localhost:6333/collections/olmocr_documents/points/scroll "HTTP/1.1 200 OK"
2025-11-25 12:37:26,286 - httpx - INFO - HTTP Request: POST http://localhost:6333/collections/olmocr_documents/points/scroll "HTTP/1.1 200 OK"
2025-11-25 12:37:26,287 - httpx - INFO - HTTP Request: POST http://localhost:6333/collections/olmocr_documents/points/scroll "HTTP/1.1 200 OK"
2025-11-25 12:37:26,289 - httpx - INFO - HTTP Request: POST http://localhost:6333/collections/olmocr_documents/points/scroll "HTTP/1.1 200 OK"
2025-11-25 12:37:26,290 - httpx - INFO - HTTP Request: POST http://localhost:6333/collections/olmocr_documents/points/scroll "HTTP/1.1 200 OK"
2025-11-25 12:37:26,291 - httpx - INFO - HTTP Request: POST http://localhost:6333/collections/olmocr_documents/points/scroll "HTTP/1.1 200 OK"
2025-11-25 12:37:26,293 - httpx - INFO - HTTP Request: POST http://localhost:6333/collections/olmocr_documents/points/scroll "HTTP/1.1 200 OK"
2025-11-25 12:37:26,294 - httpx - INFO - HTTP Request: POST http://localhost:6333/collections/olmocr_documents/points/scroll "HTTP/1.1 200 OK"
2025-11-25 12:37:26,295 - httpx - INFO - HTTP Request: POST http://localhost:6333/collections/olmocr_documents/points/scroll "HTTP/1.1 200 OK"
2025-11-25 12:37:26,297 - httpx - INFO - HTTP Request: POST http://localhost:6333/collections/olmocr_documents/points/scroll "HTTP/1.1 200 OK"
2025-11-25 12:37:26,298 - httpx - INFO - HTTP Request: POST http://localhost:6333/collections/olmocr_documents/points/scroll "HTTP/1.1 200 OK"
2025-11-25 12:37:26,299 - httpx - INFO - HTTP Request: POST http://localhost:6333/collections/olmocr_documents/points/scroll "HTTP/1.1 200 OK"
2025-11-25 12:37:26,301 - httpx - INFO - HTTP Request: POST http://localhost:6333/collections/olmocr_documents/points/scroll "HTTP/1.1 200 OK"
2025-11-25 12:37:26,302 - httpx - INFO - HTTP Request: POST http://localhost:6333/collections/olmocr_documents/points/scroll "HTTP/1.1 200 OK"
2025-11-25 12:37:26,303 - httpx - INFO - HTTP Request: POST http://localhost:6333/collections/olmocr_documents/points/scroll "HTTP/1.1 200 OK"
2025-11-25 12:37:26,305 - httpx - INFO - HTTP Request: POST http://localhost:6333/collections/olmocr_documents/points/scroll "HTTP/1.1 200 OK"
2025-11-25 12:37:26,306 - httpx - INFO - HTTP Request: POST http://localhost:6333/collections/olmocr_documents/points/scroll "HTTP/1.1 200 OK"
2025-11-25 12:37:26,308 - httpx - INFO - HTTP Request: POST http://localhost:6333/collections/olmocr_documents/points/scroll "HTTP/1.1 200 OK"
2025-11-25 12:37:26,309 - httpx - INFO - HTTP Request: POST http://localhost:6333/collections/olmocr_documents/points/scroll "HTTP/1.1 200 OK"
2025-11-25 12:37:26,310 - httpx - INFO - HTTP Request: POST http://localhost:6333/collections/olmocr_documents/points/scroll "HTTP/1.1 200 OK"
2025-11-25 12:37:26,311 - httpx - INFO - HTTP Request: POST http://localhost:6333/collections/olmocr_documents/points/scroll "HTTP/1.1 200 OK"
2025-11-25 12:37:26,312 - httpx - INFO - HTTP Request: POST http://localhost:6333/collections/olmocr_documents/points/scroll "HTTP/1.1 200 OK"
2025-11-25 12:37:26,313 - httpx - INFO - HTTP Request: POST http://localhost:6333/collections/olmocr_documents/points/scroll "HTTP/1.1 200 OK"
2025-11-25 12:37:26,314 - httpx - INFO - HTTP Request: POST http://localhost:6333/collections/olmocr_documents/points/scroll "HTTP/1.1 200 OK"
2025-11-25 12:37:26,316 - httpx - INFO - HTTP Request: POST http://localhost:6333/collections/olmocr_documents/points/scroll "HTTP/1.1 200 OK"
2025-11-25 12:37:26,317 - httpx - INFO - HTTP Request: POST http://localhost:6333/collections/olmocr_documents/points/scroll "HTTP/1.1 200 OK"
2025-11-25 12:37:26,318 - httpx - INFO - HTTP Request: POST http://localhost:6333/collections/olmocr_documents/points/scroll "HTTP/1.1 200 OK"
2025-11-25 12:37:26,320 - httpx - INFO - HTTP Request: POST http://localhost:6333/collections/olmocr_documents/points/scroll "HTTP/1.1 200 OK"
2025-11-25 12:37:26,322 - httpx - INFO - HTTP Request: POST http://localhost:6333/collections/olmocr_documents/points/scroll "HTTP/1.1 200 OK"
2025-11-25 12:37:26,323 - httpx - INFO - HTTP Request: POST http://localhost:6333/collections/olmocr_documents/points/scroll "HTTP/1.1 200 OK"
2025-11-25 12:37:26,324 - httpx - INFO - HTTP Request: POST http://localhost:6333/collections/olmocr_documents/points/scroll "HTTP/1.1 200 OK"
2025-11-25 12:37:26,325 - httpx - INFO - HTTP Request: POST http://localhost:6333/collections/olmocr_documents/points/scroll "HTTP/1.1 200 OK"
2025-11-25 12:37:26,327 - httpx - INFO - HTTP Request: POST http://localhost:6333/collections/olmocr_documents/points/scroll "HTTP/1.1 200 OK"
2025-11-25 12:37:26,328 - httpx - INFO - HTTP Request: POST http://localhost:6333/collections/olmocr_documents/points/scroll "HTTP/1.1 200 OK"
2025-11-25 12:37:26,330 - httpx - INFO - HTTP Request: POST http://localhost:6333/collections/olmocr_documents/points/scroll "HTTP/1.1 200 OK"
2025-11-25 12:37:26,331 - httpx - INFO - HTTP Request: POST http://localhost:6333/collections/olmocr_documents/points/scroll "HTTP/1.1 200 OK"
2025-11-25 12:37:26,333 - httpx - INFO - HTTP Request: POST http://localhost:6333/collections/olmocr_documents/points/scroll "HTTP/1.1 200 OK"
2025-11-25 12:37:26,334 - httpx - INFO - HTTP Request: POST http://localhost:6333/collections/olmocr_documents/points/scroll "HTTP/1.1 200 OK"
2025-11-25 12:37:26,335 - httpx - INFO - HTTP Request: POST http://localhost:6333/collections/olmocr_documents/points/scroll "HTTP/1.1 200 OK"
2025-11-25 12:37:26,337 - httpx - INFO - HTTP Request: POST http://localhost:6333/collections/olmocr_documents/points/scroll "HTTP/1.1 200 OK"
2025-11-25 12:37:26,338 - httpx - INFO - HTTP Request: POST http://localhost:6333/collections/olmocr_documents/points/scroll "HTTP/1.1 200 OK"
2025-11-25 12:37:26,339 - httpx - INFO - HTTP Request: POST http://localhost:6333/collections/olmocr_documents/points/scroll "HTTP/1.1 200 OK"
2025-11-25 12:37:26,341 - httpx - INFO - HTTP Request: POST http://localhost:6333/collections/olmocr_documents/points/scroll "HTTP/1.1 200 OK"
2025-11-25 12:37:26,342 - httpx - INFO - HTTP Request: POST http://localhost:6333/collections/olmocr_documents/points/scroll "HTTP/1.1 200 OK"
2025-11-25 12:37:26,343 - httpx - INFO - HTTP Request: POST http://localhost:6333/collections/olmocr_documents/points/scroll "HTTP/1.1 200 OK"
2025-11-25 12:37:26,344 - httpx - INFO - HTTP Request: POST http://localhost:6333/collections/olmocr_documents/points/scroll "HTTP/1.1 200 OK"
2025-11-25 12:37:26,346 - httpx - INFO - HTTP Request: POST http://localhost:6333/collections/olmocr_documents/points/scroll "HTTP/1.1 200 OK"
2025-11-25 12:37:26,348 - httpx - INFO - HTTP Request: POST http://localhost:6333/collections/olmocr_documents/points/scroll "HTTP/1.1 200 OK"
2025-11-25 12:37:26,349 - httpx - INFO - HTTP Request: POST http://localhost:6333/collections/olmocr_documents/points/scroll "HTTP/1.1 200 OK"
2025-11-25 12:37:26,350 - httpx - INFO - HTTP Request: POST http://localhost:6333/collections/olmocr_documents/points/scroll "HTTP/1.1 200 OK"
2025-11-25 12:37:26,352 - httpx - INFO - HTTP Request: POST http://localhost:6333/collections/olmocr_documents/points/scroll "HTTP/1.1 200 OK"
2025-11-25 12:37:26,353 - httpx - INFO - HTTP Request: POST http://localhost:6333/collections/olmocr_documents/points/scroll "HTTP/1.1 200 OK"
2025-11-25 12:37:26,355 - httpx - INFO - HTTP Request: POST http://localhost:6333/collections/olmocr_documents/points/scroll "HTTP/1.1 200 OK"
2025-11-25 12:37:26,356 - httpx - INFO - HTTP Request: POST http://localhost:6333/collections/olmocr_documents/points/scroll "HTTP/1.1 200 OK"
2025-11-25 12:37:26,357 - httpx - INFO - HTTP Request: POST http://localhost:6333/collections/olmocr_documents/points/scroll "HTTP/1.1 200 OK"
2025-11-25 12:37:26,358 - httpx - INFO - HTTP Request: POST http://localhost:6333/collections/olmocr_documents/points/scroll "HTTP/1.1 200 OK"
2025-11-25 12:37:26,360 - httpx - INFO - HTTP Request: POST http://localhost:6333/collections/olmocr_documents/points/scroll "HTTP/1.1 200 OK"
2025-11-25 12:37:26,361 - httpx - INFO - HTTP Request: POST http://localhost:6333/collections/olmocr_documents/points/scroll "HTTP/1.1 200 OK"
2025-11-25 12:37:26,362 - httpx - INFO - HTTP Request: POST http://localhost:6333/collections/olmocr_documents/points/scroll "HTTP/1.1 200 OK"
2025-11-25 12:37:26,363 - httpx - INFO - HTTP Request: POST http://localhost:6333/collections/olmocr_documents/points/scroll "HTTP/1.1 200 OK"
2025-11-25 12:37:26,364 - httpx - INFO - HTTP Request: POST http://localhost:6333/collections/olmocr_documents/points/scroll "HTTP/1.1 200 OK"
2025-11-25 12:37:26,366 - httpx - INFO - HTTP Request: POST http://localhost:6333/collections/olmocr_documents/points/scroll "HTTP/1.1 200 OK"
2025-11-25 12:37:26,367 - httpx - INFO - HTTP Request: POST http://localhost:6333/collections/olmocr_documents/points/scroll "HTTP/1.1 200 OK"
2025-11-25 12:37:26,368 - httpx - INFO - HTTP Request: POST http://localhost:6333/collections/olmocr_documents/points/scroll "HTTP/1.1 200 OK"
2025-11-25 12:37:26,369 - httpx - INFO - HTTP Request: POST http://localhost:6333/collections/olmocr_documents/points/scroll "HTTP/1.1 200 OK"
2025-11-25 12:37:26,370 - httpx - INFO - HTTP Request: POST http://localhost:6333/collections/olmocr_documents/points/scroll "HTTP/1.1 200 OK"
2025-11-25 12:37:26,372 - httpx - INFO - HTTP Request: POST http://localhost:6333/collections/olmocr_documents/points/scroll "HTTP/1.1 200 OK"
2025-11-25 12:37:26,373 - httpx - INFO - HTTP Request: POST http://localhost:6333/collections/olmocr_documents/points/scroll "HTTP/1.1 200 OK"
2025-11-25 12:37:26,374 - httpx - INFO - HTTP Request: POST http://localhost:6333/collections/olmocr_documents/points/scroll "HTTP/1.1 200 OK"
2025-11-25 12:37:26,375 - httpx - INFO - HTTP Request: POST http://localhost:6333/collections/olmocr_documents/points/scroll "HTTP/1.1 200 OK"
2025-11-25 12:37:26,376 - httpx - INFO - HTTP Request: POST http://localhost:6333/collections/olmocr_documents/points/scroll "HTTP/1.1 200 OK"
2025-11-25 12:37:26,377 - embedding_pipeline - INFO - 準備添加 715 個新文檔
2025-11-25 12:37:26,897 - httpx - INFO - HTTP Request: POST https://api.openai.com/v1/embeddings "HTTP/1.1 401 Unauthorized"
2025-11-25 12:37:26,898 - embedding_pipeline - WARNING - 批次添加失敗 (嘗試 1/3): Error code: 401 - {'error': {'message': 'Incorrect API key provided: your_ope************here. You can find your API key at https://platform.openai.com/account/api-keys.', 'type': 'invalid_request_error', 'param': None, 'code': 'invalid_api_key'}}
2025-11-25 12:37:27,094 - httpx - INFO - HTTP Request: POST https://api.openai.com/v1/embeddings "HTTP/1.1 401 Unauthorized"
2025-11-25 12:37:27,095 - embedding_pipeline - WARNING - 批次添加失敗 (嘗試 2/3): Error code: 401 - {'error': {'message': 'Incorrect API key provided: your_ope************here. You can find your API key at https://platform.openai.com/account/api-keys.', 'type': 'invalid_request_error', 'param': None, 'code': 'invalid_api_key'}}
2025-11-25 12:37:27,361 - httpx - INFO - HTTP Request: POST https://api.openai.com/v1/embeddings "HTTP/1.1 401 Unauthorized"
2025-11-25 12:37:27,361 - embedding_pipeline - WARNING - 批次添加失敗 (嘗試 3/3): Error code: 401 - {'error': {'message': 'Incorrect API key provided: your_ope************here. You can find your API key at https://platform.openai.com/account/api-keys.', 'type': 'invalid_request_error', 'param': None, 'code': 'invalid_api_key'}}
2025-11-25 12:37:27,361 - embedding_pipeline - ERROR - 批次 1 最終添加失敗
2025-11-25 12:37:27,549 - httpx - INFO - HTTP Request: POST https://api.openai.com/v1/embeddings "HTTP/1.1 401 Unauthorized"
2025-11-25 12:37:27,550 - embedding_pipeline - WARNING - 批次添加失敗 (嘗試 1/3): Error code: 401 - {'error': {'message': 'Incorrect API key provided: your_ope************here. You can find your API key at https://platform.openai.com/account/api-keys.', 'type': 'invalid_request_error', 'param': None, 'code': 'invalid_api_key'}}
2025-11-25 12:37:27,815 - httpx - INFO - HTTP Request: POST https://api.openai.com/v1/embeddings "HTTP/1.1 401 Unauthorized"
2025-11-25 12:37:27,815 - embedding_pipeline - WARNING - 批次添加失敗 (嘗試 2/3): Error code: 401 - {'error': {'message': 'Incorrect API key provided: your_ope************here. You can find your API key at https://platform.openai.com/account/api-keys.', 'type': 'invalid_request_error', 'param': None, 'code': 'invalid_api_key'}}
2025-11-25 12:37:28,099 - httpx - INFO - HTTP Request: POST https://api.openai.com/v1/embeddings "HTTP/1.1 401 Unauthorized"
2025-11-25 12:37:28,099 - embedding_pipeline - WARNING - 批次添加失敗 (嘗試 3/3): Error code: 401 - {'error': {'message': 'Incorrect API key provided: your_ope************here. You can find your API key at https://platform.openai.com/account/api-keys.', 'type': 'invalid_request_error', 'param': None, 'code': 'invalid_api_key'}}
2025-11-25 12:37:28,100 - embedding_pipeline - ERROR - 批次 2 最終添加失敗
2025-11-25 12:37:28,277 - httpx - INFO - HTTP Request: POST https://api.openai.com/v1/embeddings "HTTP/1.1 401 Unauthorized"
2025-11-25 12:37:28,278 - embedding_pipeline - WARNING - 批次添加失敗 (嘗試 1/3): Error code: 401 - {'error': {'message': 'Incorrect API key provided: your_ope************here. You can find your API key at https://platform.openai.com/account/api-keys.', 'type': 'invalid_request_error', 'param': None, 'code': 'invalid_api_key'}}
2025-11-25 12:37:28,459 - httpx - INFO - HTTP Request: POST https://api.openai.com/v1/embeddings "HTTP/1.1 401 Unauthorized"
2025-11-25 12:37:28,460 - embedding_pipeline - WARNING - 批次添加失敗 (嘗試 2/3): Error code: 401 - {'error': {'message': 'Incorrect API key provided: your_ope************here. You can find your API key at https://platform.openai.com/account/api-keys.', 'type': 'invalid_request_error', 'param': None, 'code': 'invalid_api_key'}}
2025-11-25 12:37:28,748 - httpx - INFO - HTTP Request: POST https://api.openai.com/v1/embeddings "HTTP/1.1 401 Unauthorized"
2025-11-25 12:37:28,748 - embedding_pipeline - WARNING - 批次添加失敗 (嘗試 3/3): Error code: 401 - {'error': {'message': 'Incorrect API key provided: your_ope************here. You can find your API key at https://platform.openai.com/account/api-keys.', 'type': 'invalid_request_error', 'param': None, 'code': 'invalid_api_key'}}
2025-11-25 12:37:28,748 - embedding_pipeline - ERROR - 批次 3 最終添加失敗
2025-11-25 12:37:28,946 - httpx - INFO - HTTP Request: POST https://api.openai.com/v1/embeddings "HTTP/1.1 401 Unauthorized"
2025-11-25 12:37:28,946 - embedding_pipeline - WARNING - 批次添加失敗 (嘗試 1/3): Error code: 401 - {'error': {'message': 'Incorrect API key provided: your_ope************here. You can find your API key at https://platform.openai.com/account/api-keys.', 'type': 'invalid_request_error', 'param': None, 'code': 'invalid_api_key'}}
2025-11-25 12:37:29,254 - httpx - INFO - HTTP Request: POST https://api.openai.com/v1/embeddings "HTTP/1.1 401 Unauthorized"
2025-11-25 12:37:29,254 - embedding_pipeline - WARNING - 批次添加失敗 (嘗試 2/3): Error code: 401 - {'error': {'message': 'Incorrect API key provided: your_ope************here. You can find your API key at https://platform.openai.com/account/api-keys.', 'type': 'invalid_request_error', 'param': None, 'code': 'invalid_api_key'}}
2025-11-25 12:37:29,426 - httpx - INFO - HTTP Request: POST https://api.openai.com/v1/embeddings "HTTP/1.1 401 Unauthorized"
2025-11-25 12:37:29,427 - embedding_pipeline - WARNING - 批次添加失敗 (嘗試 3/3): Error code: 401 - {'error': {'message': 'Incorrect API key provided: your_ope************here. You can find your API key at https://platform.openai.com/account/api-keys.', 'type': 'invalid_request_error', 'param': None, 'code': 'invalid_api_key'}}
2025-11-25 12:37:29,427 - embedding_pipeline - ERROR - 批次 4 最終添加失敗
2025-11-25 12:37:29,606 - httpx - INFO - HTTP Request: POST https://api.openai.com/v1/embeddings "HTTP/1.1 401 Unauthorized"
2025-11-25 12:37:29,606 - embedding_pipeline - WARNING - 批次添加失敗 (嘗試 1/3): Error code: 401 - {'error': {'message': 'Incorrect API key provided: your_ope************here. You can find your API key at https://platform.openai.com/account/api-keys.', 'type': 'invalid_request_error', 'param': None, 'code': 'invalid_api_key'}}
2025-11-25 12:37:29,795 - httpx - INFO - HTTP Request: POST https://api.openai.com/v1/embeddings "HTTP/1.1 401 Unauthorized"
2025-11-25 12:37:29,795 - embedding_pipeline - WARNING - 批次添加失敗 (嘗試 2/3): Error code: 401 - {'error': {'message': 'Incorrect API key provided: your_ope************here. You can find your API key at https://platform.openai.com/account/api-keys.', 'type': 'invalid_request_error', 'param': None, 'code': 'invalid_api_key'}}
2025-11-25 12:37:29,981 - httpx - INFO - HTTP Request: POST https://api.openai.com/v1/embeddings "HTTP/1.1 401 Unauthorized"
2025-11-25 12:37:29,981 - embedding_pipeline - WARNING - 批次添加失敗 (嘗試 3/3): Error code: 401 - {'error': {'message': 'Incorrect API key provided: your_ope************here. You can find your API key at https://platform.openai.com/account/api-keys.', 'type': 'invalid_request_error', 'param': None, 'code': 'invalid_api_key'}}
2025-11-25 12:37:29,981 - embedding_pipeline - ERROR - 批次 5 最終添加失敗
2025-11-25 12:37:30,184 - httpx - INFO - HTTP Request: POST https://api.openai.com/v1/embeddings "HTTP/1.1 401 Unauthorized"
2025-11-25 12:37:30,185 - embedding_pipeline - WARNING - 批次添加失敗 (嘗試 1/3): Error code: 401 - {'error': {'message': 'Incorrect API key provided: your_ope************here. You can find your API key at https://platform.openai.com/account/api-keys.', 'type': 'invalid_request_error', 'param': None, 'code': 'invalid_api_key'}}
2025-11-25 12:37:30,466 - httpx - INFO - HTTP Request: POST https://api.openai.com/v1/embeddings "HTTP/1.1 401 Unauthorized"
2025-11-25 12:37:30,467 - embedding_pipeline - WARNING - 批次添加失敗 (嘗試 2/3): Error code: 401 - {'error': {'message': 'Incorrect API key provided: your_ope************here. You can find your API key at https://platform.openai.com/account/api-keys.', 'type': 'invalid_request_error', 'param': None, 'code': 'invalid_api_key'}}
2025-11-25 12:37:30,637 - httpx - INFO - HTTP Request: POST https://api.openai.com/v1/embeddings "HTTP/1.1 401 Unauthorized"
2025-11-25 12:37:30,638 - embedding_pipeline - WARNING - 批次添加失敗 (嘗試 3/3): Error code: 401 - {'error': {'message': 'Incorrect API key provided: your_ope************here. You can find your API key at https://platform.openai.com/account/api-keys.', 'type': 'invalid_request_error', 'param': None, 'code': 'invalid_api_key'}}
2025-11-25 12:37:30,638 - embedding_pipeline - ERROR - 批次 6 最終添加失敗
2025-11-25 12:37:30,833 - httpx - INFO - HTTP Request: POST https://api.openai.com/v1/embeddings "HTTP/1.1 401 Unauthorized"
2025-11-25 12:37:30,833 - embedding_pipeline - WARNING - 批次添加失敗 (嘗試 1/3): Error code: 401 - {'error': {'message': 'Incorrect API key provided: your_ope************here. You can find your API key at https://platform.openai.com/account/api-keys.', 'type': 'invalid_request_error', 'param': None, 'code': 'invalid_api_key'}}
2025-11-25 12:37:31,018 - httpx - INFO - HTTP Request: POST https://api.openai.com/v1/embeddings "HTTP/1.1 401 Unauthorized"
2025-11-25 12:37:31,018 - embedding_pipeline - WARNING - 批次添加失敗 (嘗試 2/3): Error code: 401 - {'error': {'message': 'Incorrect API key provided: your_ope************here. You can find your API key at https://platform.openai.com/account/api-keys.', 'type': 'invalid_request_error', 'param': None, 'code': 'invalid_api_key'}}
2025-11-25 12:37:31,331 - httpx - INFO - HTTP Request: POST https://api.openai.com/v1/embeddings "HTTP/1.1 401 Unauthorized"
2025-11-25 12:37:31,332 - embedding_pipeline - WARNING - 批次添加失敗 (嘗試 3/3): Error code: 401 - {'error': {'message': 'Incorrect API key provided: your_ope************here. You can find your API key at https://platform.openai.com/account/api-keys.', 'type': 'invalid_request_error', 'param': None, 'code': 'invalid_api_key'}}
2025-11-25 12:37:31,332 - embedding_pipeline - ERROR - 批次 7 最終添加失敗
2025-11-25 12:37:31,600 - httpx - INFO - HTTP Request: POST https://api.openai.com/v1/embeddings "HTTP/1.1 401 Unauthorized"
2025-11-25 12:37:31,601 - embedding_pipeline - WARNING - 批次添加失敗 (嘗試 1/3): Error code: 401 - {'error': {'message': 'Incorrect API key provided: your_ope************here. You can find your API key at https://platform.openai.com/account/api-keys.', 'type': 'invalid_request_error', 'param': None, 'code': 'invalid_api_key'}}
2025-11-25 12:37:31,870 - httpx - INFO - HTTP Request: POST https://api.openai.com/v1/embeddings "HTTP/1.1 401 Unauthorized"
2025-11-25 12:37:31,870 - embedding_pipeline - WARNING - 批次添加失敗 (嘗試 2/3): Error code: 401 - {'error': {'message': 'Incorrect API key provided: your_ope************here. You can find your API key at https://platform.openai.com/account/api-keys.', 'type': 'invalid_request_error', 'param': None, 'code': 'invalid_api_key'}}
2025-11-25 12:37:32,150 - httpx - INFO - HTTP Request: POST https://api.openai.com/v1/embeddings "HTTP/1.1 401 Unauthorized"
2025-11-25 12:37:32,151 - embedding_pipeline - WARNING - 批次添加失敗 (嘗試 3/3): Error code: 401 - {'error': {'message': 'Incorrect API key provided: your_ope************here. You can find your API key at https://platform.openai.com/account/api-keys.', 'type': 'invalid_request_error', 'param': None, 'code': 'invalid_api_key'}}
2025-11-25 12:37:32,151 - embedding_pipeline - ERROR - 批次 8 最終添加失敗
2025-11-25 12:37:32,465 - httpx - INFO - HTTP Request: POST https://api.openai.com/v1/embeddings "HTTP/1.1 401 Unauthorized"
2025-11-25 12:37:32,466 - embedding_pipeline - WARNING - 批次添加失敗 (嘗試 1/3): Error code: 401 - {'error': {'message': 'Incorrect API key provided: your_ope************here. You can find your API key at https://platform.openai.com/account/api-keys.', 'type': 'invalid_request_error', 'param': None, 'code': 'invalid_api_key'}}
2025-11-25 12:37:32,747 - httpx - INFO - HTTP Request: POST https://api.openai.com/v1/embeddings "HTTP/1.1 401 Unauthorized"
2025-11-25 12:37:32,747 - embedding_pipeline - WARNING - 批次添加失敗 (嘗試 2/3): Error code: 401 - {'error': {'message': 'Incorrect API key provided: your_ope************here. You can find your API key at https://platform.openai.com/account/api-keys.', 'type': 'invalid_request_error', 'param': None, 'code': 'invalid_api_key'}}
2025-11-25 12:37:33,033 - httpx - INFO - HTTP Request: POST https://api.openai.com/v1/embeddings "HTTP/1.1 401 Unauthorized"
2025-11-25 12:37:33,033 - embedding_pipeline - WARNING - 批次添加失敗 (嘗試 3/3): Error code: 401 - {'error': {'message': 'Incorrect API key provided: your_ope************here. You can find your API key at https://platform.openai.com/account/api-keys.', 'type': 'invalid_request_error', 'param': None, 'code': 'invalid_api_key'}}
2025-11-25 12:37:33,033 - embedding_pipeline - ERROR - 批次 9 最終添加失敗
2025-11-25 12:37:33,320 - httpx - INFO - HTTP Request: POST https://api.openai.com/v1/embeddings "HTTP/1.1 401 Unauthorized"
2025-11-25 12:37:33,321 - embedding_pipeline - WARNING - 批次添加失敗 (嘗試 1/3): Error code: 401 - {'error': {'message': 'Incorrect API key provided: your_ope************here. You can find your API key at https://platform.openai.com/account/api-keys.', 'type': 'invalid_request_error', 'param': None, 'code': 'invalid_api_key'}}
2025-11-25 12:37:33,505 - httpx - INFO - HTTP Request: POST https://api.openai.com/v1/embeddings "HTTP/1.1 401 Unauthorized"
2025-11-25 12:37:33,505 - embedding_pipeline - WARNING - 批次添加失敗 (嘗試 2/3): Error code: 401 - {'error': {'message': 'Incorrect API key provided: your_ope************here. You can find your API key at https://platform.openai.com/account/api-keys.', 'type': 'invalid_request_error', 'param': None, 'code': 'invalid_api_key'}}
2025-11-25 12:37:33,701 - httpx - INFO - HTTP Request: POST https://api.openai.com/v1/embeddings "HTTP/1.1 401 Unauthorized"
2025-11-25 12:37:33,702 - embedding_pipeline - WARNING - 批次添加失敗 (嘗試 3/3): Error code: 401 - {'error': {'message': 'Incorrect API key provided: your_ope************here. You can find your API key at https://platform.openai.com/account/api-keys.', 'type': 'invalid_request_error', 'param': None, 'code': 'invalid_api_key'}}
2025-11-25 12:37:33,702 - embedding_pipeline - ERROR - 批次 10 最終添加失敗
2025-11-25 12:37:33,878 - httpx - INFO - HTTP Request: POST https://api.openai.com/v1/embeddings "HTTP/1.1 401 Unauthorized"
2025-11-25 12:37:33,878 - embedding_pipeline - WARNING - 批次添加失敗 (嘗試 1/3): Error code: 401 - {'error': {'message': 'Incorrect API key provided: your_ope************here. You can find your API key at https://platform.openai.com/account/api-keys.', 'type': 'invalid_request_error', 'param': None, 'code': 'invalid_api_key'}}
2025-11-25 12:37:34,166 - httpx - INFO - HTTP Request: POST https://api.openai.com/v1/embeddings "HTTP/1.1 401 Unauthorized"
2025-11-25 12:37:34,166 - embedding_pipeline - WARNING - 批次添加失敗 (嘗試 2/3): Error code: 401 - {'error': {'message': 'Incorrect API key provided: your_ope************here. You can find your API key at https://platform.openai.com/account/api-keys.', 'type': 'invalid_request_error', 'param': None, 'code': 'invalid_api_key'}}
2025-11-25 12:37:34,465 - httpx - INFO - HTTP Request: POST https://api.openai.com/v1/embeddings "HTTP/1.1 401 Unauthorized"
2025-11-25 12:37:34,466 - embedding_pipeline - WARNING - 批次添加失敗 (嘗試 3/3): Error code: 401 - {'error': {'message': 'Incorrect API key provided: your_ope************here. You can find your API key at https://platform.openai.com/account/api-keys.', 'type': 'invalid_request_error', 'param': None, 'code': 'invalid_api_key'}}
2025-11-25 12:37:34,466 - embedding_pipeline - ERROR - 批次 11 最終添加失敗
2025-11-25 12:37:34,669 - httpx - INFO - HTTP Request: POST https://api.openai.com/v1/embeddings "HTTP/1.1 401 Unauthorized"
2025-11-25 12:37:34,669 - embedding_pipeline - WARNING - 批次添加失敗 (嘗試 1/3): Error code: 401 - {'error': {'message': 'Incorrect API key provided: your_ope************here. You can find your API key at https://platform.openai.com/account/api-keys.', 'type': 'invalid_request_error', 'param': None, 'code': 'invalid_api_key'}}
2025-11-25 12:37:34,853 - httpx - INFO - HTTP Request: POST https://api.openai.com/v1/embeddings "HTTP/1.1 401 Unauthorized"
2025-11-25 12:37:34,854 - embedding_pipeline - WARNING - 批次添加失敗 (嘗試 2/3): Error code: 401 - {'error': {'message': 'Incorrect API key provided: your_ope************here. You can find your API key at https://platform.openai.com/account/api-keys.', 'type': 'invalid_request_error', 'param': None, 'code': 'invalid_api_key'}}
2025-11-25 12:37:35,150 - httpx - INFO - HTTP Request: POST https://api.openai.com/v1/embeddings "HTTP/1.1 401 Unauthorized"
2025-11-25 12:37:35,151 - embedding_pipeline - WARNING - 批次添加失敗 (嘗試 3/3): Error code: 401 - {'error': {'message': 'Incorrect API key provided: your_ope************here. You can find your API key at https://platform.openai.com/account/api-keys.', 'type': 'invalid_request_error', 'param': None, 'code': 'invalid_api_key'}}
2025-11-25 12:37:35,151 - embedding_pipeline - ERROR - 批次 12 最終添加失敗
2025-11-25 12:37:35,454 - httpx - INFO - HTTP Request: POST https://api.openai.com/v1/embeddings "HTTP/1.1 401 Unauthorized"
2025-11-25 12:37:35,454 - embedding_pipeline - WARNING - 批次添加失敗 (嘗試 1/3): Error code: 401 - {'error': {'message': 'Incorrect API key provided: your_ope************here. You can find your API key at https://platform.openai.com/account/api-keys.', 'type': 'invalid_request_error', 'param': None, 'code': 'invalid_api_key'}}
2025-11-25 12:37:35,724 - httpx - INFO - HTTP Request: POST https://api.openai.com/v1/embeddings "HTTP/1.1 401 Unauthorized"
2025-11-25 12:37:35,725 - embedding_pipeline - WARNING - 批次添加失敗 (嘗試 2/3): Error code: 401 - {'error': {'message': 'Incorrect API key provided: your_ope************here. You can find your API key at https://platform.openai.com/account/api-keys.', 'type': 'invalid_request_error', 'param': None, 'code': 'invalid_api_key'}}
2025-11-25 12:37:35,935 - httpx - INFO - HTTP Request: POST https://api.openai.com/v1/embeddings "HTTP/1.1 401 Unauthorized"
2025-11-25 12:37:35,935 - embedding_pipeline - WARNING - 批次添加失敗 (嘗試 3/3): Error code: 401 - {'error': {'message': 'Incorrect API key provided: your_ope************here. You can find your API key at https://platform.openai.com/account/api-keys.', 'type': 'invalid_request_error', 'param': None, 'code': 'invalid_api_key'}}
2025-11-25 12:37:35,935 - embedding_pipeline - ERROR - 批次 13 最終添加失敗
2025-11-25 12:37:36,111 - httpx - INFO - HTTP Request: POST https://api.openai.com/v1/embeddings "HTTP/1.1 401 Unauthorized"
2025-11-25 12:37:36,112 - embedding_pipeline - WARNING - 批次添加失敗 (嘗試 1/3): Error code: 401 - {'error': {'message': 'Incorrect API key provided: your_ope************here. You can find your API key at https://platform.openai.com/account/api-keys.', 'type': 'invalid_request_error', 'param': None, 'code': 'invalid_api_key'}}
2025-11-25 12:37:36,400 - httpx - INFO - HTTP Request: POST https://api.openai.com/v1/embeddings "HTTP/1.1 401 Unauthorized"
2025-11-25 12:37:36,401 - embedding_pipeline - WARNING - 批次添加失敗 (嘗試 2/3): Error code: 401 - {'error': {'message': 'Incorrect API key provided: your_ope************here. You can find your API key at https://platform.openai.com/account/api-keys.', 'type': 'invalid_request_error', 'param': None, 'code': 'invalid_api_key'}}
2025-11-25 12:37:36,610 - httpx - INFO - HTTP Request: POST https://api.openai.com/v1/embeddings "HTTP/1.1 401 Unauthorized"
2025-11-25 12:37:36,611 - embedding_pipeline - WARNING - 批次添加失敗 (嘗試 3/3): Error code: 401 - {'error': {'message': 'Incorrect API key provided: your_ope************here. You can find your API key at https://platform.openai.com/account/api-keys.', 'type': 'invalid_request_error', 'param': None, 'code': 'invalid_api_key'}}
2025-11-25 12:37:36,611 - embedding_pipeline - ERROR - 批次 14 最終添加失敗
2025-11-25 12:37:36,795 - httpx - INFO - HTTP Request: POST https://api.openai.com/v1/embeddings "HTTP/1.1 401 Unauthorized"
2025-11-25 12:37:36,795 - embedding_pipeline - WARNING - 批次添加失敗 (嘗試 1/3): Error code: 401 - {'error': {'message': 'Incorrect API key provided: your_ope************here. You can find your API key at https://platform.openai.com/account/api-keys.', 'type': 'invalid_request_error', 'param': None, 'code': 'invalid_api_key'}}
2025-11-25 12:37:37,112 - httpx - INFO - HTTP Request: POST https://api.openai.com/v1/embeddings "HTTP/1.1 401 Unauthorized"
2025-11-25 12:37:37,113 - embedding_pipeline - WARNING - 批次添加失敗 (嘗試 2/3): Error code: 401 - {'error': {'message': 'Incorrect API key provided: your_ope************here. You can find your API key at https://platform.openai.com/account/api-keys.', 'type': 'invalid_request_error', 'param': None, 'code': 'invalid_api_key'}}
2025-11-25 12:37:37,410 - httpx - INFO - HTTP Request: POST https://api.openai.com/v1/embeddings "HTTP/1.1 401 Unauthorized"
2025-11-25 12:37:37,410 - embedding_pipeline - WARNING - 批次添加失敗 (嘗試 3/3): Error code: 401 - {'error': {'message': 'Incorrect API key provided: your_ope************here. You can find your API key at https://platform.openai.com/account/api-keys.', 'type': 'invalid_request_error', 'param': None, 'code': 'invalid_api_key'}}
2025-11-25 12:37:37,410 - embedding_pipeline - ERROR - 批次 15 最終添加失敗
2025-11-25 12:37:37,412 - httpx - INFO - HTTP Request: GET http://localhost:6333/collections/olmocr_documents "HTTP/1.1 200 OK"
2025-11-25 12:37:37,413 - embedding_pipeline - INFO - 📊 集合總向量數量: 0
2025-11-25 12:37:37,414 - embedding_pipeline - INFO - 🎉 Embedding Pipeline 執行完成！
2025-11-25 12:37:37,414 - embedding_pipeline - INFO - 📊 處理統計: 處理文檔 715 個，添加 0 個
2025-11-25 12:37:37,415 - httpx - INFO - HTTP Request: GET http://localhost:6333/collections/olmocr_documents "HTTP/1.1 200 OK"
2025-11-25 12:37:58,528 - httpx - INFO - HTTP Request: GET http://localhost:6333 "HTTP/1.1 200 OK"
2025-11-25 12:37:58,534 - embedding_pipeline - INFO - 🚀 開始 Embedding Pipeline 執行...
2025-11-25 12:37:58,534 - embedding_pipeline - INFO - 📁 載入 OLMoCR 結果...
2025-11-25 12:37:58,534 - embedding_pipeline - INFO - 找到 5 個 OLMoCR 結果文件
2025-11-25 12:37:58,534 - embedding_pipeline - INFO - 從 IF_2020_Scaling_Laws_20251124.jsonl 載入了 1 筆記錄
2025-11-25 12:37:58,535 - embedding_pipeline - INFO - 從 IF_2023_RefinedWeb_20251124.jsonl 載入了 1 筆記錄
2025-11-25 12:37:58,535 - embedding_pipeline - INFO - 從 IF_2022_LAION_5B_20251124.jsonl 載入了 1 筆記錄
2025-11-25 12:37:58,535 - embedding_pipeline - INFO - 從 IF_2019_ZeRO_20251124.jsonl 載入了 1 筆記錄
2025-11-25 12:37:58,536 - embedding_pipeline - INFO - 從 IF_2024_MegaScale_20251124.jsonl 載入了 1 筆記錄
2025-11-25 12:37:58,536 - embedding_pipeline - INFO - 總共載入 5 筆 OLMoCR 記錄
2025-11-25 12:37:58,536 - embedding_pipeline - INFO - 📝 處理文檔...
2025-11-25 12:37:58,547 - embedding_pipeline - INFO - 生成了 715 個文檔塊
2025-11-25 12:37:58,547 - embedding_pipeline - INFO - 🗄️ 準備向量資料庫...
2025-11-25 12:37:58,548 - httpx - INFO - HTTP Request: GET http://localhost:6333/collections/olmocr_documents/exists "HTTP/1.1 200 OK"
2025-11-25 12:37:58,549 - embedding_pipeline - INFO - 集合 olmocr_documents 已存在
2025-11-25 12:37:58,551 - httpx - INFO - HTTP Request: GET http://localhost:6333/collections/olmocr_documents "HTTP/1.1 200 OK"
2025-11-25 12:37:58,552 - embedding_pipeline - INFO - 現有集合向量數量: 0
2025-11-25 12:37:58,552 - embedding_pipeline - INFO - 💾 添加文檔到向量資料庫...
2025-11-25 12:37:58,552 - embedding_pipeline - INFO - 準備添加 715 個文檔 (跳過重複檢查)
2025-11-25 12:37:58,875 - httpx - INFO - HTTP Request: POST https://api.openai.com/v1/embeddings "HTTP/1.1 401 Unauthorized"
2025-11-25 12:37:58,876 - embedding_pipeline - WARNING - 批次添加失敗 (嘗試 1/3): Error code: 401 - {'error': {'message': 'Incorrect API key provided: your_ope************here. You can find your API key at https://platform.openai.com/account/api-keys.', 'type': 'invalid_request_error', 'param': None, 'code': 'invalid_api_key'}}
2025-11-25 12:37:59,175 - httpx - INFO - HTTP Request: POST https://api.openai.com/v1/embeddings "HTTP/1.1 401 Unauthorized"
2025-11-25 12:37:59,175 - embedding_pipeline - WARNING - 批次添加失敗 (嘗試 2/3): Error code: 401 - {'error': {'message': 'Incorrect API key provided: your_ope************here. You can find your API key at https://platform.openai.com/account/api-keys.', 'type': 'invalid_request_error', 'param': None, 'code': 'invalid_api_key'}}
2025-11-25 12:37:59,457 - httpx - INFO - HTTP Request: POST https://api.openai.com/v1/embeddings "HTTP/1.1 401 Unauthorized"
2025-11-25 12:37:59,458 - embedding_pipeline - WARNING - 批次添加失敗 (嘗試 3/3): Error code: 401 - {'error': {'message': 'Incorrect API key provided: your_ope************here. You can find your API key at https://platform.openai.com/account/api-keys.', 'type': 'invalid_request_error', 'param': None, 'code': 'invalid_api_key'}}
2025-11-25 12:37:59,458 - embedding_pipeline - ERROR - 批次 1 最終添加失敗
2025-11-25 12:37:59,650 - httpx - INFO - HTTP Request: POST https://api.openai.com/v1/embeddings "HTTP/1.1 401 Unauthorized"
2025-11-25 12:37:59,651 - embedding_pipeline - WARNING - 批次添加失敗 (嘗試 1/3): Error code: 401 - {'error': {'message': 'Incorrect API key provided: your_ope************here. You can find your API key at https://platform.openai.com/account/api-keys.', 'type': 'invalid_request_error', 'param': None, 'code': 'invalid_api_key'}}
2025-11-25 12:37:59,938 - httpx - INFO - HTTP Request: POST https://api.openai.com/v1/embeddings "HTTP/1.1 401 Unauthorized"
2025-11-25 12:37:59,939 - embedding_pipeline - WARNING - 批次添加失敗 (嘗試 2/3): Error code: 401 - {'error': {'message': 'Incorrect API key provided: your_ope************here. You can find your API key at https://platform.openai.com/account/api-keys.', 'type': 'invalid_request_error', 'param': None, 'code': 'invalid_api_key'}}
2025-11-25 12:38:00,234 - httpx - INFO - HTTP Request: POST https://api.openai.com/v1/embeddings "HTTP/1.1 401 Unauthorized"
2025-11-25 12:38:00,235 - embedding_pipeline - WARNING - 批次添加失敗 (嘗試 3/3): Error code: 401 - {'error': {'message': 'Incorrect API key provided: your_ope************here. You can find your API key at https://platform.openai.com/account/api-keys.', 'type': 'invalid_request_error', 'param': None, 'code': 'invalid_api_key'}}
2025-11-25 12:38:00,235 - embedding_pipeline - ERROR - 批次 2 最終添加失敗
2025-11-25 12:38:00,526 - httpx - INFO - HTTP Request: POST https://api.openai.com/v1/embeddings "HTTP/1.1 401 Unauthorized"
2025-11-25 12:38:00,527 - embedding_pipeline - WARNING - 批次添加失敗 (嘗試 1/3): Error code: 401 - {'error': {'message': 'Incorrect API key provided: your_ope************here. You can find your API key at https://platform.openai.com/account/api-keys.', 'type': 'invalid_request_error', 'param': None, 'code': 'invalid_api_key'}}
2025-11-25 12:38:00,911 - httpx - INFO - HTTP Request: POST https://api.openai.com/v1/embeddings "HTTP/1.1 401 Unauthorized"
2025-11-25 12:38:00,911 - embedding_pipeline - WARNING - 批次添加失敗 (嘗試 2/3): Error code: 401 - {'error': {'message': 'Incorrect API key provided: your_ope************here. You can find your API key at https://platform.openai.com/account/api-keys.', 'type': 'invalid_request_error', 'param': None, 'code': 'invalid_api_key'}}
2025-11-25 12:38:01,121 - httpx - INFO - HTTP Request: POST https://api.openai.com/v1/embeddings "HTTP/1.1 401 Unauthorized"
2025-11-25 12:38:01,122 - embedding_pipeline - WARNING - 批次添加失敗 (嘗試 3/3): Error code: 401 - {'error': {'message': 'Incorrect API key provided: your_ope************here. You can find your API key at https://platform.openai.com/account/api-keys.', 'type': 'invalid_request_error', 'param': None, 'code': 'invalid_api_key'}}
2025-11-25 12:38:01,122 - embedding_pipeline - ERROR - 批次 3 最終添加失敗
2025-11-25 12:38:01,424 - httpx - INFO - HTTP Request: POST https://api.openai.com/v1/embeddings "HTTP/1.1 401 Unauthorized"
2025-11-25 12:38:01,424 - embedding_pipeline - WARNING - 批次添加失敗 (嘗試 1/3): Error code: 401 - {'error': {'message': 'Incorrect API key provided: your_ope************here. You can find your API key at https://platform.openai.com/account/api-keys.', 'type': 'invalid_request_error', 'param': None, 'code': 'invalid_api_key'}}
2025-11-25 12:38:01,642 - httpx - INFO - HTTP Request: POST https://api.openai.com/v1/embeddings "HTTP/1.1 401 Unauthorized"
2025-11-25 12:38:01,642 - embedding_pipeline - WARNING - 批次添加失敗 (嘗試 2/3): Error code: 401 - {'error': {'message': 'Incorrect API key provided: your_ope************here. You can find your API key at https://platform.openai.com/account/api-keys.', 'type': 'invalid_request_error', 'param': None, 'code': 'invalid_api_key'}}
2025-11-25 12:38:01,982 - httpx - INFO - HTTP Request: POST https://api.openai.com/v1/embeddings "HTTP/1.1 401 Unauthorized"
2025-11-25 12:38:01,982 - embedding_pipeline - WARNING - 批次添加失敗 (嘗試 3/3): Error code: 401 - {'error': {'message': 'Incorrect API key provided: your_ope************here. You can find your API key at https://platform.openai.com/account/api-keys.', 'type': 'invalid_request_error', 'param': None, 'code': 'invalid_api_key'}}
2025-11-25 12:38:01,982 - embedding_pipeline - ERROR - 批次 4 最終添加失敗
2025-11-25 12:38:02,293 - httpx - INFO - HTTP Request: POST https://api.openai.com/v1/embeddings "HTTP/1.1 401 Unauthorized"
2025-11-25 12:38:02,294 - embedding_pipeline - WARNING - 批次添加失敗 (嘗試 1/3): Error code: 401 - {'error': {'message': 'Incorrect API key provided: your_ope************here. You can find your API key at https://platform.openai.com/account/api-keys.', 'type': 'invalid_request_error', 'param': None, 'code': 'invalid_api_key'}}
2025-11-25 12:38:02,622 - httpx - INFO - HTTP Request: POST https://api.openai.com/v1/embeddings "HTTP/1.1 401 Unauthorized"
2025-11-25 12:38:02,623 - embedding_pipeline - WARNING - 批次添加失敗 (嘗試 2/3): Error code: 401 - {'error': {'message': 'Incorrect API key provided: your_ope************here. You can find your API key at https://platform.openai.com/account/api-keys.', 'type': 'invalid_request_error', 'param': None, 'code': 'invalid_api_key'}}
2025-11-25 12:38:02,925 - httpx - INFO - HTTP Request: POST https://api.openai.com/v1/embeddings "HTTP/1.1 401 Unauthorized"
2025-11-25 12:38:02,925 - embedding_pipeline - WARNING - 批次添加失敗 (嘗試 3/3): Error code: 401 - {'error': {'message': 'Incorrect API key provided: your_ope************here. You can find your API key at https://platform.openai.com/account/api-keys.', 'type': 'invalid_request_error', 'param': None, 'code': 'invalid_api_key'}}
2025-11-25 12:38:02,926 - embedding_pipeline - ERROR - 批次 5 最終添加失敗
2025-11-25 12:38:03,249 - httpx - INFO - HTTP Request: POST https://api.openai.com/v1/embeddings "HTTP/1.1 401 Unauthorized"
2025-11-25 12:38:03,250 - embedding_pipeline - WARNING - 批次添加失敗 (嘗試 1/3): Error code: 401 - {'error': {'message': 'Incorrect API key provided: your_ope************here. You can find your API key at https://platform.openai.com/account/api-keys.', 'type': 'invalid_request_error', 'param': None, 'code': 'invalid_api_key'}}
2025-11-25 12:38:03,521 - httpx - INFO - HTTP Request: POST https://api.openai.com/v1/embeddings "HTTP/1.1 401 Unauthorized"
2025-11-25 12:38:03,522 - embedding_pipeline - WARNING - 批次添加失敗 (嘗試 2/3): Error code: 401 - {'error': {'message': 'Incorrect API key provided: your_ope************here. You can find your API key at https://platform.openai.com/account/api-keys.', 'type': 'invalid_request_error', 'param': None, 'code': 'invalid_api_key'}}
2025-11-25 12:38:03,709 - httpx - INFO - HTTP Request: POST https://api.openai.com/v1/embeddings "HTTP/1.1 401 Unauthorized"
2025-11-25 12:38:03,710 - embedding_pipeline - WARNING - 批次添加失敗 (嘗試 3/3): Error code: 401 - {'error': {'message': 'Incorrect API key provided: your_ope************here. You can find your API key at https://platform.openai.com/account/api-keys.', 'type': 'invalid_request_error', 'param': None, 'code': 'invalid_api_key'}}
2025-11-25 12:38:03,710 - embedding_pipeline - ERROR - 批次 6 最終添加失敗
2025-11-25 12:38:03,892 - httpx - INFO - HTTP Request: POST https://api.openai.com/v1/embeddings "HTTP/1.1 401 Unauthorized"
2025-11-25 12:38:03,892 - embedding_pipeline - WARNING - 批次添加失敗 (嘗試 1/3): Error code: 401 - {'error': {'message': 'Incorrect API key provided: your_ope************here. You can find your API key at https://platform.openai.com/account/api-keys.', 'type': 'invalid_request_error', 'param': None, 'code': 'invalid_api_key'}}
2025-11-25 12:38:04,168 - httpx - INFO - HTTP Request: POST https://api.openai.com/v1/embeddings "HTTP/1.1 401 Unauthorized"
2025-11-25 12:38:04,169 - embedding_pipeline - WARNING - 批次添加失敗 (嘗試 2/3): Error code: 401 - {'error': {'message': 'Incorrect API key provided: your_ope************here. You can find your API key at https://platform.openai.com/account/api-keys.', 'type': 'invalid_request_error', 'param': None, 'code': 'invalid_api_key'}}
2025-11-25 12:38:04,349 - httpx - INFO - HTTP Request: POST https://api.openai.com/v1/embeddings "HTTP/1.1 401 Unauthorized"
2025-11-25 12:38:04,350 - embedding_pipeline - WARNING - 批次添加失敗 (嘗試 3/3): Error code: 401 - {'error': {'message': 'Incorrect API key provided: your_ope************here. You can find your API key at https://platform.openai.com/account/api-keys.', 'type': 'invalid_request_error', 'param': None, 'code': 'invalid_api_key'}}
2025-11-25 12:38:04,350 - embedding_pipeline - ERROR - 批次 7 最終添加失敗
2025-11-25 12:38:04,638 - httpx - INFO - HTTP Request: POST https://api.openai.com/v1/embeddings "HTTP/1.1 401 Unauthorized"
2025-11-25 12:38:04,639 - embedding_pipeline - WARNING - 批次添加失敗 (嘗試 1/3): Error code: 401 - {'error': {'message': 'Incorrect API key provided: your_ope************here. You can find your API key at https://platform.openai.com/account/api-keys.', 'type': 'invalid_request_error', 'param': None, 'code': 'invalid_api_key'}}
2025-11-25 12:38:04,818 - httpx - INFO - HTTP Request: POST https://api.openai.com/v1/embeddings "HTTP/1.1 401 Unauthorized"
2025-11-25 12:38:04,818 - embedding_pipeline - WARNING - 批次添加失敗 (嘗試 2/3): Error code: 401 - {'error': {'message': 'Incorrect API key provided: your_ope************here. You can find your API key at https://platform.openai.com/account/api-keys.', 'type': 'invalid_request_error', 'param': None, 'code': 'invalid_api_key'}}
2025-11-25 12:38:05,094 - httpx - INFO - HTTP Request: POST https://api.openai.com/v1/embeddings "HTTP/1.1 401 Unauthorized"
2025-11-25 12:38:05,095 - embedding_pipeline - WARNING - 批次添加失敗 (嘗試 3/3): Error code: 401 - {'error': {'message': 'Incorrect API key provided: your_ope************here. You can find your API key at https://platform.openai.com/account/api-keys.', 'type': 'invalid_request_error', 'param': None, 'code': 'invalid_api_key'}}
2025-11-25 12:38:05,095 - embedding_pipeline - ERROR - 批次 8 最終添加失敗
2025-11-25 12:38:05,276 - httpx - INFO - HTTP Request: POST https://api.openai.com/v1/embeddings "HTTP/1.1 401 Unauthorized"
2025-11-25 12:38:05,276 - embedding_pipeline - WARNING - 批次添加失敗 (嘗試 1/3): Error code: 401 - {'error': {'message': 'Incorrect API key provided: your_ope************here. You can find your API key at https://platform.openai.com/account/api-keys.', 'type': 'invalid_request_error', 'param': None, 'code': 'invalid_api_key'}}
2025-11-25 12:38:05,468 - httpx - INFO - HTTP Request: POST https://api.openai.com/v1/embeddings "HTTP/1.1 401 Unauthorized"
2025-11-25 12:38:05,469 - embedding_pipeline - WARNING - 批次添加失敗 (嘗試 2/3): Error code: 401 - {'error': {'message': 'Incorrect API key provided: your_ope************here. You can find your API key at https://platform.openai.com/account/api-keys.', 'type': 'invalid_request_error', 'param': None, 'code': 'invalid_api_key'}}
2025-11-25 12:38:05,676 - httpx - INFO - HTTP Request: POST https://api.openai.com/v1/embeddings "HTTP/1.1 401 Unauthorized"
2025-11-25 12:38:05,677 - embedding_pipeline - WARNING - 批次添加失敗 (嘗試 3/3): Error code: 401 - {'error': {'message': 'Incorrect API key provided: your_ope************here. You can find your API key at https://platform.openai.com/account/api-keys.', 'type': 'invalid_request_error', 'param': None, 'code': 'invalid_api_key'}}
2025-11-25 12:38:05,677 - embedding_pipeline - ERROR - 批次 9 最終添加失敗
2025-11-25 12:38:05,958 - httpx - INFO - HTTP Request: POST https://api.openai.com/v1/embeddings "HTTP/1.1 401 Unauthorized"
2025-11-25 12:38:05,959 - embedding_pipeline - WARNING - 批次添加失敗 (嘗試 1/3): Error code: 401 - {'error': {'message': 'Incorrect API key provided: your_ope************here. You can find your API key at https://platform.openai.com/account/api-keys.', 'type': 'invalid_request_error', 'param': None, 'code': 'invalid_api_key'}}
2025-11-25 12:38:06,279 - httpx - INFO - HTTP Request: POST https://api.openai.com/v1/embeddings "HTTP/1.1 401 Unauthorized"
2025-11-25 12:38:06,279 - embedding_pipeline - WARNING - 批次添加失敗 (嘗試 2/3): Error code: 401 - {'error': {'message': 'Incorrect API key provided: your_ope************here. You can find your API key at https://platform.openai.com/account/api-keys.', 'type': 'invalid_request_error', 'param': None, 'code': 'invalid_api_key'}}
2025-11-25 12:38:06,578 - httpx - INFO - HTTP Request: POST https://api.openai.com/v1/embeddings "HTTP/1.1 401 Unauthorized"
2025-11-25 12:38:06,579 - embedding_pipeline - WARNING - 批次添加失敗 (嘗試 3/3): Error code: 401 - {'error': {'message': 'Incorrect API key provided: your_ope************here. You can find your API key at https://platform.openai.com/account/api-keys.', 'type': 'invalid_request_error', 'param': None, 'code': 'invalid_api_key'}}
2025-11-25 12:38:06,579 - embedding_pipeline - ERROR - 批次 10 最終添加失敗
2025-11-25 12:38:06,764 - httpx - INFO - HTTP Request: POST https://api.openai.com/v1/embeddings "HTTP/1.1 401 Unauthorized"
2025-11-25 12:38:06,765 - embedding_pipeline - WARNING - 批次添加失敗 (嘗試 1/3): Error code: 401 - {'error': {'message': 'Incorrect API key provided: your_ope************here. You can find your API key at https://platform.openai.com/account/api-keys.', 'type': 'invalid_request_error', 'param': None, 'code': 'invalid_api_key'}}
2025-11-25 12:38:07,040 - httpx - INFO - HTTP Request: POST https://api.openai.com/v1/embeddings "HTTP/1.1 401 Unauthorized"
2025-11-25 12:38:07,041 - embedding_pipeline - WARNING - 批次添加失敗 (嘗試 2/3): Error code: 401 - {'error': {'message': 'Incorrect API key provided: your_ope************here. You can find your API key at https://platform.openai.com/account/api-keys.', 'type': 'invalid_request_error', 'param': None, 'code': 'invalid_api_key'}}
2025-11-25 12:38:07,396 - httpx - INFO - HTTP Request: POST https://api.openai.com/v1/embeddings "HTTP/1.1 401 Unauthorized"
2025-11-25 12:38:07,396 - embedding_pipeline - WARNING - 批次添加失敗 (嘗試 3/3): Error code: 401 - {'error': {'message': 'Incorrect API key provided: your_ope************here. You can find your API key at https://platform.openai.com/account/api-keys.', 'type': 'invalid_request_error', 'param': None, 'code': 'invalid_api_key'}}
2025-11-25 12:38:07,396 - embedding_pipeline - ERROR - 批次 11 最終添加失敗
2025-11-25 12:38:07,678 - httpx - INFO - HTTP Request: POST https://api.openai.com/v1/embeddings "HTTP/1.1 401 Unauthorized"
2025-11-25 12:38:07,679 - embedding_pipeline - WARNING - 批次添加失敗 (嘗試 1/3): Error code: 401 - {'error': {'message': 'Incorrect API key provided: your_ope************here. You can find your API key at https://platform.openai.com/account/api-keys.', 'type': 'invalid_request_error', 'param': None, 'code': 'invalid_api_key'}}
2025-11-25 12:38:07,948 - httpx - INFO - HTTP Request: POST https://api.openai.com/v1/embeddings "HTTP/1.1 401 Unauthorized"
2025-11-25 12:38:07,949 - embedding_pipeline - WARNING - 批次添加失敗 (嘗試 2/3): Error code: 401 - {'error': {'message': 'Incorrect API key provided: your_ope************here. You can find your API key at https://platform.openai.com/account/api-keys.', 'type': 'invalid_request_error', 'param': None, 'code': 'invalid_api_key'}}
2025-11-25 12:38:08,262 - httpx - INFO - HTTP Request: POST https://api.openai.com/v1/embeddings "HTTP/1.1 401 Unauthorized"
2025-11-25 12:38:08,262 - embedding_pipeline - WARNING - 批次添加失敗 (嘗試 3/3): Error code: 401 - {'error': {'message': 'Incorrect API key provided: your_ope************here. You can find your API key at https://platform.openai.com/account/api-keys.', 'type': 'invalid_request_error', 'param': None, 'code': 'invalid_api_key'}}
2025-11-25 12:38:08,262 - embedding_pipeline - ERROR - 批次 12 最終添加失敗
2025-11-25 12:38:08,553 - httpx - INFO - HTTP Request: POST https://api.openai.com/v1/embeddings "HTTP/1.1 401 Unauthorized"
2025-11-25 12:38:08,554 - embedding_pipeline - WARNING - 批次添加失敗 (嘗試 1/3): Error code: 401 - {'error': {'message': 'Incorrect API key provided: your_ope************here. You can find your API key at https://platform.openai.com/account/api-keys.', 'type': 'invalid_request_error', 'param': None, 'code': 'invalid_api_key'}}
2025-11-25 12:38:08,876 - httpx - INFO - HTTP Request: POST https://api.openai.com/v1/embeddings "HTTP/1.1 401 Unauthorized"
2025-11-25 12:38:08,876 - embedding_pipeline - WARNING - 批次添加失敗 (嘗試 2/3): Error code: 401 - {'error': {'message': 'Incorrect API key provided: your_ope************here. You can find your API key at https://platform.openai.com/account/api-keys.', 'type': 'invalid_request_error', 'param': None, 'code': 'invalid_api_key'}}
2025-11-25 12:38:09,158 - httpx - INFO - HTTP Request: POST https://api.openai.com/v1/embeddings "HTTP/1.1 401 Unauthorized"
2025-11-25 12:38:09,159 - embedding_pipeline - WARNING - 批次添加失敗 (嘗試 3/3): Error code: 401 - {'error': {'message': 'Incorrect API key provided: your_ope************here. You can find your API key at https://platform.openai.com/account/api-keys.', 'type': 'invalid_request_error', 'param': None, 'code': 'invalid_api_key'}}
2025-11-25 12:38:09,159 - embedding_pipeline - ERROR - 批次 13 最終添加失敗
2025-11-25 12:38:09,437 - httpx - INFO - HTTP Request: POST https://api.openai.com/v1/embeddings "HTTP/1.1 401 Unauthorized"
2025-11-25 12:38:09,438 - embedding_pipeline - WARNING - 批次添加失敗 (嘗試 1/3): Error code: 401 - {'error': {'message': 'Incorrect API key provided: your_ope************here. You can find your API key at https://platform.openai.com/account/api-keys.', 'type': 'invalid_request_error', 'param': None, 'code': 'invalid_api_key'}}
2025-11-25 12:38:09,719 - httpx - INFO - HTTP Request: POST https://api.openai.com/v1/embeddings "HTTP/1.1 401 Unauthorized"
2025-11-25 12:38:09,720 - embedding_pipeline - WARNING - 批次添加失敗 (嘗試 2/3): Error code: 401 - {'error': {'message': 'Incorrect API key provided: your_ope************here. You can find your API key at https://platform.openai.com/account/api-keys.', 'type': 'invalid_request_error', 'param': None, 'code': 'invalid_api_key'}}
2025-11-25 12:38:10,009 - httpx - INFO - HTTP Request: POST https://api.openai.com/v1/embeddings "HTTP/1.1 401 Unauthorized"
2025-11-25 12:38:10,010 - embedding_pipeline - WARNING - 批次添加失敗 (嘗試 3/3): Error code: 401 - {'error': {'message': 'Incorrect API key provided: your_ope************here. You can find your API key at https://platform.openai.com/account/api-keys.', 'type': 'invalid_request_error', 'param': None, 'code': 'invalid_api_key'}}
2025-11-25 12:38:10,010 - embedding_pipeline - ERROR - 批次 14 最終添加失敗
2025-11-25 12:38:10,216 - httpx - INFO - HTTP Request: POST https://api.openai.com/v1/embeddings "HTTP/1.1 401 Unauthorized"
2025-11-25 12:38:10,216 - embedding_pipeline - WARNING - 批次添加失敗 (嘗試 1/3): Error code: 401 - {'error': {'message': 'Incorrect API key provided: your_ope************here. You can find your API key at https://platform.openai.com/account/api-keys.', 'type': 'invalid_request_error', 'param': None, 'code': 'invalid_api_key'}}
2025-11-25 12:38:10,387 - httpx - INFO - HTTP Request: POST https://api.openai.com/v1/embeddings "HTTP/1.1 401 Unauthorized"
2025-11-25 12:38:10,387 - embedding_pipeline - WARNING - 批次添加失敗 (嘗試 2/3): Error code: 401 - {'error': {'message': 'Incorrect API key provided: your_ope************here. You can find your API key at https://platform.openai.com/account/api-keys.', 'type': 'invalid_request_error', 'param': None, 'code': 'invalid_api_key'}}
2025-11-25 12:38:10,666 - httpx - INFO - HTTP Request: POST https://api.openai.com/v1/embeddings "HTTP/1.1 401 Unauthorized"
2025-11-25 12:38:10,667 - embedding_pipeline - WARNING - 批次添加失敗 (嘗試 3/3): Error code: 401 - {'error': {'message': 'Incorrect API key provided: your_ope************here. You can find your API key at https://platform.openai.com/account/api-keys.', 'type': 'invalid_request_error', 'param': None, 'code': 'invalid_api_key'}}
2025-11-25 12:38:10,667 - embedding_pipeline - ERROR - 批次 15 最終添加失敗
2025-11-25 12:38:10,668 - httpx - INFO - HTTP Request: GET http://localhost:6333/collections/olmocr_documents "HTTP/1.1 200 OK"
2025-11-25 12:38:10,669 - embedding_pipeline - INFO - 📊 集合總向量數量: 0
2025-11-25 12:38:10,669 - embedding_pipeline - INFO - 🎉 Embedding Pipeline 執行完成！
2025-11-25 12:38:10,669 - embedding_pipeline - INFO - 📊 處理統計: 處理文檔 715 個，添加 0 個
2025-11-25 12:38:10,670 - httpx - INFO - HTTP Request: GET http://localhost:6333/collections/olmocr_documents "HTTP/1.1 200 OK"
2025-11-25 12:44:41,712 - httpx - INFO - HTTP Request: GET http://localhost:6333 "HTTP/1.1 200 OK"
2025-11-25 12:44:41,716 - embedding_pipeline - INFO - 🚀 開始 Embedding Pipeline 執行...
2025-11-25 12:44:41,716 - embedding_pipeline - INFO - 📁 載入 OLMoCR 結果...
2025-11-25 12:44:41,717 - embedding_pipeline - INFO - 找到 5 個 OLMoCR 結果文件
2025-11-25 12:44:41,717 - embedding_pipeline - INFO - 從 IF_2020_Scaling_Laws_20251124.jsonl 載入了 1 筆記錄
2025-11-25 12:44:41,717 - embedding_pipeline - INFO - 從 IF_2023_RefinedWeb_20251124.jsonl 載入了 1 筆記錄
2025-11-25 12:44:41,718 - embedding_pipeline - INFO - 從 IF_2022_LAION_5B_20251124.jsonl 載入了 1 筆記錄
2025-11-25 12:44:41,718 - embedding_pipeline - INFO - 從 IF_2019_ZeRO_20251124.jsonl 載入了 1 筆記錄
2025-11-25 12:44:41,718 - embedding_pipeline - INFO - 從 IF_2024_MegaScale_20251124.jsonl 載入了 1 筆記錄
2025-11-25 12:44:41,718 - embedding_pipeline - INFO - 總共載入 5 筆 OLMoCR 記錄
2025-11-25 12:44:41,718 - embedding_pipeline - INFO - 📝 處理文檔...
2025-11-25 12:44:41,730 - embedding_pipeline - INFO - 生成了 715 個文檔塊
2025-11-25 12:44:41,730 - embedding_pipeline - INFO - 🗄️ 準備向量資料庫...
2025-11-25 12:44:41,730 - httpx - INFO - HTTP Request: GET http://localhost:6333/collections/olmocr_documents/exists "HTTP/1.1 200 OK"
2025-11-25 12:44:41,731 - embedding_pipeline - INFO - 集合 olmocr_documents 已存在
2025-11-25 12:44:41,733 - httpx - INFO - HTTP Request: GET http://localhost:6333/collections/olmocr_documents "HTTP/1.1 200 OK"
2025-11-25 12:44:41,734 - embedding_pipeline - INFO - 現有集合向量數量: 0
2025-11-25 12:44:41,734 - embedding_pipeline - INFO - 💾 添加文檔到向量資料庫...
2025-11-25 12:44:41,734 - embedding_pipeline - INFO - 準備添加 715 個文檔 (跳過重複檢查)
2025-11-25 12:44:43,643 - httpx - INFO - HTTP Request: POST https://api.openai.com/v1/embeddings "HTTP/1.1 200 OK"
2025-11-25 12:44:44,376 - httpx - INFO - HTTP Request: PUT http://localhost:6333/collections/olmocr_documents/points?wait=true "HTTP/1.1 200 OK"
2025-11-25 12:44:44,378 - embedding_pipeline - INFO - 成功添加批次 1: 50 個文檔
2025-11-25 12:44:46,514 - httpx - INFO - HTTP Request: POST https://api.openai.com/v1/embeddings "HTTP/1.1 200 OK"
2025-11-25 12:44:46,979 - httpx - INFO - HTTP Request: PUT http://localhost:6333/collections/olmocr_documents/points?wait=true "HTTP/1.1 200 OK"
2025-11-25 12:44:46,980 - embedding_pipeline - INFO - 成功添加批次 2: 50 個文檔
2025-11-25 12:44:48,129 - httpx - INFO - HTTP Request: POST https://api.openai.com/v1/embeddings "HTTP/1.1 200 OK"
2025-11-25 12:44:49,102 - httpx - INFO - HTTP Request: PUT http://localhost:6333/collections/olmocr_documents/points?wait=true "HTTP/1.1 200 OK"
2025-11-25 12:44:49,103 - embedding_pipeline - INFO - 成功添加批次 3: 50 個文檔
2025-11-25 12:44:49,909 - httpx - INFO - HTTP Request: POST https://api.openai.com/v1/embeddings "HTTP/1.1 200 OK"
2025-11-25 12:44:50,655 - httpx - INFO - HTTP Request: PUT http://localhost:6333/collections/olmocr_documents/points?wait=true "HTTP/1.1 200 OK"
2025-11-25 12:44:50,656 - embedding_pipeline - INFO - 成功添加批次 4: 50 個文檔
2025-11-25 12:44:52,536 - httpx - INFO - HTTP Request: POST https://api.openai.com/v1/embeddings "HTTP/1.1 200 OK"
2025-11-25 12:44:53,002 - httpx - INFO - HTTP Request: PUT http://localhost:6333/collections/olmocr_documents/points?wait=true "HTTP/1.1 200 OK"
2025-11-25 12:44:53,003 - embedding_pipeline - INFO - 成功添加批次 5: 50 個文檔
2025-11-25 12:44:54,663 - httpx - INFO - HTTP Request: POST https://api.openai.com/v1/embeddings "HTTP/1.1 200 OK"
2025-11-25 12:44:55,230 - httpx - INFO - HTTP Request: PUT http://localhost:6333/collections/olmocr_documents/points?wait=true "HTTP/1.1 200 OK"
2025-11-25 12:44:55,231 - embedding_pipeline - INFO - 成功添加批次 6: 50 個文檔
2025-11-25 12:44:55,906 - httpx - INFO - HTTP Request: POST https://api.openai.com/v1/embeddings "HTTP/1.1 200 OK"
2025-11-25 12:44:56,637 - httpx - INFO - HTTP Request: PUT http://localhost:6333/collections/olmocr_documents/points?wait=true "HTTP/1.1 200 OK"
2025-11-25 12:44:56,638 - embedding_pipeline - INFO - 成功添加批次 7: 50 個文檔
2025-11-25 12:44:57,128 - httpx - INFO - HTTP Request: POST https://api.openai.com/v1/embeddings "HTTP/1.1 200 OK"
2025-11-25 12:44:57,398 - httpx - INFO - HTTP Request: PUT http://localhost:6333/collections/olmocr_documents/points?wait=true "HTTP/1.1 200 OK"
2025-11-25 12:44:57,399 - embedding_pipeline - INFO - 成功添加批次 8: 50 個文檔
2025-11-25 12:44:58,633 - httpx - INFO - HTTP Request: POST https://api.openai.com/v1/embeddings "HTTP/1.1 200 OK"
2025-11-25 12:44:59,341 - httpx - INFO - HTTP Request: PUT http://localhost:6333/collections/olmocr_documents/points?wait=true "HTTP/1.1 200 OK"
2025-11-25 12:44:59,342 - embedding_pipeline - INFO - 成功添加批次 9: 50 個文檔
2025-11-25 12:44:59,979 - httpx - INFO - HTTP Request: POST https://api.openai.com/v1/embeddings "HTTP/1.1 200 OK"
2025-11-25 12:45:00,452 - httpx - INFO - HTTP Request: PUT http://localhost:6333/collections/olmocr_documents/points?wait=true "HTTP/1.1 200 OK"
2025-11-25 12:45:00,453 - embedding_pipeline - INFO - 成功添加批次 10: 50 個文檔
2025-11-25 12:45:01,464 - httpx - INFO - HTTP Request: POST https://api.openai.com/v1/embeddings "HTTP/1.1 200 OK"
2025-11-25 12:45:02,441 - httpx - INFO - HTTP Request: PUT http://localhost:6333/collections/olmocr_documents/points?wait=true "HTTP/1.1 200 OK"
2025-11-25 12:45:02,442 - embedding_pipeline - INFO - 成功添加批次 11: 50 個文檔
2025-11-25 12:45:03,502 - httpx - INFO - HTTP Request: POST https://api.openai.com/v1/embeddings "HTTP/1.1 200 OK"
2025-11-25 12:45:04,247 - httpx - INFO - HTTP Request: PUT http://localhost:6333/collections/olmocr_documents/points?wait=true "HTTP/1.1 200 OK"
2025-11-25 12:45:04,248 - embedding_pipeline - INFO - 成功添加批次 12: 50 個文檔
2025-11-25 12:45:05,693 - httpx - INFO - HTTP Request: POST https://api.openai.com/v1/embeddings "HTTP/1.1 200 OK"
2025-11-25 12:45:06,443 - httpx - INFO - HTTP Request: PUT http://localhost:6333/collections/olmocr_documents/points?wait=true "HTTP/1.1 200 OK"
2025-11-25 12:45:06,444 - embedding_pipeline - INFO - 成功添加批次 13: 50 個文檔
2025-11-25 12:45:07,176 - httpx - INFO - HTTP Request: POST https://api.openai.com/v1/embeddings "HTTP/1.1 200 OK"
2025-11-25 12:45:07,914 - httpx - INFO - HTTP Request: PUT http://localhost:6333/collections/olmocr_documents/points?wait=true "HTTP/1.1 200 OK"
2025-11-25 12:45:07,915 - embedding_pipeline - INFO - 成功添加批次 14: 50 個文檔
2025-11-25 12:45:09,325 - httpx - INFO - HTTP Request: POST https://api.openai.com/v1/embeddings "HTTP/1.1 200 OK"
2025-11-25 12:45:09,806 - httpx - INFO - HTTP Request: PUT http://localhost:6333/collections/olmocr_documents/points?wait=true "HTTP/1.1 200 OK"
2025-11-25 12:45:09,806 - embedding_pipeline - INFO - 成功添加批次 15: 15 個文檔
2025-11-25 12:45:09,808 - httpx - INFO - HTTP Request: GET http://localhost:6333/collections/olmocr_documents "HTTP/1.1 200 OK"
2025-11-25 12:45:09,808 - embedding_pipeline - INFO - 📊 集合總向量數量: 715
2025-11-25 12:45:09,808 - embedding_pipeline - INFO - 🎉 Embedding Pipeline 執行完成！
2025-11-25 12:45:09,808 - embedding_pipeline - INFO - 📊 處理統計: 處理文檔 715 個，添加 715 個
2025-11-25 12:45:09,809 - httpx - INFO - HTTP Request: GET http://localhost:6333/collections/olmocr_documents "HTTP/1.1 200 OK"
2025-11-25 13:00:19,066 - httpx - INFO - HTTP Request: GET http://localhost:6333 "HTTP/1.1 200 OK"
2025-11-25 13:00:19,070 - embedding_pipeline - INFO - 🚀 開始 Embedding Pipeline 執行...
2025-11-25 13:00:19,070 - embedding_pipeline - INFO - 📁 載入 OLMoCR 結果...
2025-11-25 13:00:19,070 - embedding_pipeline - INFO - 找到 5 個 OLMoCR 結果文件
2025-11-25 13:00:19,070 - embedding_pipeline - INFO - 從 IF_2020_Scaling_Laws_20251124.jsonl 載入了 1 筆記錄
2025-11-25 13:00:19,071 - embedding_pipeline - INFO - 從 IF_2023_RefinedWeb_20251124.jsonl 載入了 1 筆記錄
2025-11-25 13:00:19,071 - embedding_pipeline - INFO - 從 IF_2022_LAION_5B_20251124.jsonl 載入了 1 筆記錄
2025-11-25 13:00:19,071 - embedding_pipeline - INFO - 從 IF_2019_ZeRO_20251124.jsonl 載入了 1 筆記錄
2025-11-25 13:00:19,072 - embedding_pipeline - INFO - 從 IF_2024_MegaScale_20251124.jsonl 載入了 1 筆記錄
2025-11-25 13:00:19,072 - embedding_pipeline - INFO - 總共載入 5 筆 OLMoCR 記錄
2025-11-25 13:00:19,072 - embedding_pipeline - INFO - 📝 處理文檔...
2025-11-25 13:00:19,081 - embedding_pipeline - INFO - 生成了 715 個文檔塊
2025-11-25 13:00:19,081 - embedding_pipeline - INFO - 🗄️ 準備向量資料庫...
2025-11-25 13:00:19,083 - httpx - INFO - HTTP Request: GET http://localhost:6333/collections/olmocr_documents/exists "HTTP/1.1 200 OK"
2025-11-25 13:00:19,083 - embedding_pipeline - INFO - 集合 olmocr_documents 已存在
2025-11-25 13:00:19,085 - httpx - INFO - HTTP Request: GET http://localhost:6333/collections/olmocr_documents "HTTP/1.1 200 OK"
2025-11-25 13:00:19,086 - embedding_pipeline - INFO - 現有集合向量數量: 715
2025-11-25 13:00:19,086 - embedding_pipeline - INFO - 💾 添加文檔到向量資料庫...
2025-11-25 13:00:19,086 - embedding_pipeline - INFO - 準備添加 715 個文檔 (跳過重複檢查)
2025-11-25 13:00:20,320 - httpx - INFO - HTTP Request: POST https://api.openai.com/v1/embeddings "HTTP/1.1 200 OK"
2025-11-25 13:00:20,918 - httpx - INFO - HTTP Request: PUT http://localhost:6333/collections/olmocr_documents/points?wait=true "HTTP/1.1 200 OK"
2025-11-25 13:00:20,920 - embedding_pipeline - INFO - 成功添加批次 1: 50 個文檔
2025-11-25 13:00:21,699 - httpx - INFO - HTTP Request: POST https://api.openai.com/v1/embeddings "HTTP/1.1 200 OK"
2025-11-25 13:00:22,417 - httpx - INFO - HTTP Request: PUT http://localhost:6333/collections/olmocr_documents/points?wait=true "HTTP/1.1 200 OK"
2025-11-25 13:00:22,418 - embedding_pipeline - INFO - 成功添加批次 2: 50 個文檔
2025-11-25 13:00:23,426 - httpx - INFO - HTTP Request: POST https://api.openai.com/v1/embeddings "HTTP/1.1 200 OK"
2025-11-25 13:00:24,176 - httpx - INFO - HTTP Request: PUT http://localhost:6333/collections/olmocr_documents/points?wait=true "HTTP/1.1 200 OK"
2025-11-25 13:00:24,177 - embedding_pipeline - INFO - 成功添加批次 3: 50 個文檔
2025-11-25 13:00:24,786 - httpx - INFO - HTTP Request: POST https://api.openai.com/v1/embeddings "HTTP/1.1 200 OK"
2025-11-25 13:00:25,063 - httpx - INFO - HTTP Request: PUT http://localhost:6333/collections/olmocr_documents/points?wait=true "HTTP/1.1 200 OK"
2025-11-25 13:00:25,064 - embedding_pipeline - INFO - 成功添加批次 4: 50 個文檔
2025-11-25 13:00:25,669 - httpx - INFO - HTTP Request: POST https://api.openai.com/v1/embeddings "HTTP/1.1 200 OK"
2025-11-25 13:00:26,173 - httpx - INFO - HTTP Request: PUT http://localhost:6333/collections/olmocr_documents/points?wait=true "HTTP/1.1 200 OK"
2025-11-25 13:00:26,174 - embedding_pipeline - INFO - 成功添加批次 5: 50 個文檔
2025-11-25 13:00:26,862 - httpx - INFO - HTTP Request: POST https://api.openai.com/v1/embeddings "HTTP/1.1 200 OK"
2025-11-25 13:00:27,586 - httpx - INFO - HTTP Request: PUT http://localhost:6333/collections/olmocr_documents/points?wait=true "HTTP/1.1 200 OK"
2025-11-25 13:00:27,587 - embedding_pipeline - INFO - 成功添加批次 6: 50 個文檔
2025-11-25 13:00:28,545 - httpx - INFO - HTTP Request: POST https://api.openai.com/v1/embeddings "HTTP/1.1 200 OK"
2025-11-25 13:00:29,198 - httpx - INFO - HTTP Request: PUT http://localhost:6333/collections/olmocr_documents/points?wait=true "HTTP/1.1 200 OK"
2025-11-25 13:00:29,198 - embedding_pipeline - INFO - 成功添加批次 7: 50 個文檔
2025-11-25 13:00:29,876 - httpx - INFO - HTTP Request: POST https://api.openai.com/v1/embeddings "HTTP/1.1 200 OK"
2025-11-25 13:00:30,328 - httpx - INFO - HTTP Request: PUT http://localhost:6333/collections/olmocr_documents/points?wait=true "HTTP/1.1 200 OK"
2025-11-25 13:00:30,329 - embedding_pipeline - INFO - 成功添加批次 8: 50 個文檔
2025-11-25 13:00:31,286 - httpx - INFO - HTTP Request: POST https://api.openai.com/v1/embeddings "HTTP/1.1 200 OK"
2025-11-25 13:00:31,615 - httpx - INFO - HTTP Request: PUT http://localhost:6333/collections/olmocr_documents/points?wait=true "HTTP/1.1 200 OK"
2025-11-25 13:00:31,616 - embedding_pipeline - INFO - 成功添加批次 9: 50 個文檔
2025-11-25 13:00:32,654 - httpx - INFO - HTTP Request: POST https://api.openai.com/v1/embeddings "HTTP/1.1 200 OK"
2025-11-25 13:00:33,926 - httpx - INFO - HTTP Request: PUT http://localhost:6333/collections/olmocr_documents/points?wait=true "HTTP/1.1 200 OK"
2025-11-25 13:00:33,926 - embedding_pipeline - INFO - 成功添加批次 10: 50 個文檔
2025-11-25 13:00:34,809 - httpx - INFO - HTTP Request: POST https://api.openai.com/v1/embeddings "HTTP/1.1 200 OK"
2025-11-25 13:00:35,598 - httpx - INFO - HTTP Request: PUT http://localhost:6333/collections/olmocr_documents/points?wait=true "HTTP/1.1 200 OK"
2025-11-25 13:00:35,599 - embedding_pipeline - INFO - 成功添加批次 11: 50 個文檔
2025-11-25 13:00:36,561 - httpx - INFO - HTTP Request: POST https://api.openai.com/v1/embeddings "HTTP/1.1 200 OK"
2025-11-25 13:00:37,707 - httpx - INFO - HTTP Request: PUT http://localhost:6333/collections/olmocr_documents/points?wait=true "HTTP/1.1 200 OK"
2025-11-25 13:00:37,708 - embedding_pipeline - INFO - 成功添加批次 12: 50 個文檔
2025-11-25 13:00:38,453 - httpx - INFO - HTTP Request: POST https://api.openai.com/v1/embeddings "HTTP/1.1 200 OK"
2025-11-25 13:00:39,471 - httpx - INFO - HTTP Request: PUT http://localhost:6333/collections/olmocr_documents/points?wait=true "HTTP/1.1 200 OK"
2025-11-25 13:00:39,472 - embedding_pipeline - INFO - 成功添加批次 13: 50 個文檔
2025-11-25 13:00:41,088 - httpx - INFO - HTTP Request: POST https://api.openai.com/v1/embeddings "HTTP/1.1 200 OK"
2025-11-25 13:00:41,905 - httpx - INFO - HTTP Request: PUT http://localhost:6333/collections/olmocr_documents/points?wait=true "HTTP/1.1 200 OK"
2025-11-25 13:00:41,906 - embedding_pipeline - INFO - 成功添加批次 14: 50 個文檔
2025-11-25 13:00:42,608 - httpx - INFO - HTTP Request: POST https://api.openai.com/v1/embeddings "HTTP/1.1 200 OK"
2025-11-25 13:00:43,066 - httpx - INFO - HTTP Request: PUT http://localhost:6333/collections/olmocr_documents/points?wait=true "HTTP/1.1 200 OK"
2025-11-25 13:00:43,067 - embedding_pipeline - INFO - 成功添加批次 15: 15 個文檔
2025-11-25 13:00:43,068 - httpx - INFO - HTTP Request: GET http://localhost:6333/collections/olmocr_documents "HTTP/1.1 200 OK"
2025-11-25 13:00:43,068 - embedding_pipeline - INFO - 📊 集合總向量數量: 1430
2025-11-25 13:00:43,068 - embedding_pipeline - INFO - 🎉 Embedding Pipeline 執行完成！
2025-11-25 13:00:43,069 - embedding_pipeline - INFO - 📊 處理統計: 處理文檔 715 個，添加 715 個
2025-11-25 13:00:43,070 - httpx - INFO - HTTP Request: GET http://localhost:6333/collections/olmocr_documents "HTTP/1.1 200 OK"
2025-11-25 13:01:47,508 - httpx - INFO - HTTP Request: GET http://localhost:6333 "HTTP/1.1 200 OK"
2025-11-25 13:01:47,515 - embedding_pipeline - INFO - 🚀 開始 Embedding Pipeline 執行...
2025-11-25 13:01:47,515 - embedding_pipeline - INFO - 📁 載入 OLMoCR 結果...
2025-11-25 13:01:47,515 - embedding_pipeline - INFO - 找到 31 個 OLMoCR 結果文件
2025-11-25 13:01:47,516 - embedding_pipeline - INFO - 從 MM_2020_DDPM_20251124.jsonl 載入了 1 筆記錄
2025-11-25 13:01:47,516 - embedding_pipeline - INFO - 從 LM_2016_Google_NMT_20251124.jsonl 載入了 1 筆記錄
2025-11-25 13:01:47,516 - embedding_pipeline - INFO - 從 MP_2017_Transformer_20251124.jsonl 載入了 1 筆記錄
2025-11-25 13:01:47,517 - embedding_pipeline - INFO - 從 MM_2022_DiT_20251124.jsonl 載入了 1 筆記錄
2025-11-25 13:01:47,517 - embedding_pipeline - INFO - 從 MP_2022_ReAct_20251124.jsonl 載入了 1 筆記錄
2025-11-25 13:01:47,518 - embedding_pipeline - INFO - 從 IF_2020_Scaling_Laws_20251124.jsonl 載入了 1 筆記錄
2025-11-25 13:01:47,518 - embedding_pipeline - INFO - 從 LM_2022_InstructGPT_20251124.jsonl 載入了 1 筆記錄
2025-11-25 13:01:47,519 - embedding_pipeline - INFO - 從 MP_2022_Chain_of_Thought_20251124.jsonl 載入了 1 筆記錄
2025-11-25 13:01:47,519 - embedding_pipeline - INFO - 從 MM_2020_ViT_20251124.jsonl 載入了 1 筆記錄
2025-11-25 13:01:47,520 - embedding_pipeline - INFO - 從 LM_2013_Word2Vec_20251124.jsonl 載入了 1 筆記錄
2025-11-25 13:01:47,520 - embedding_pipeline - INFO - 從 MM_2022_Stable_Diffusion_20251124.jsonl 載入了 1 筆記錄
2025-11-25 13:01:47,520 - embedding_pipeline - INFO - 從 MM_2015_GAN_20251124.jsonl 載入了 1 筆記錄
2025-11-25 13:01:47,521 - embedding_pipeline - INFO - 從 MP_2017_MoE_20251124.jsonl 載入了 1 筆記錄
2025-11-25 13:01:47,521 - embedding_pipeline - INFO - 從 LM_2018_GPT_1_20251124.jsonl 載入了 1 筆記錄
2025-11-25 13:01:47,521 - embedding_pipeline - INFO - 從 LM_2024_TULU_3_20251124.jsonl 載入了 1 筆記錄
2025-11-25 13:01:47,522 - embedding_pipeline - INFO - 從 IF_2023_RefinedWeb_20251124.jsonl 載入了 1 筆記錄
2025-11-25 13:01:47,522 - embedding_pipeline - INFO - 從 LM_2018_BERT_20251124.jsonl 載入了 1 筆記錄
2025-11-25 13:01:47,522 - embedding_pipeline - INFO - 從 MP_2012_AlexNet_20251124.jsonl 載入了 1 筆記錄
2025-11-25 13:01:47,522 - embedding_pipeline - INFO - 從 MM_2014_Two_Stream_CNN_20251124.jsonl 載入了 1 筆記錄
2025-11-25 13:01:47,523 - embedding_pipeline - INFO - 從 MP_2015_ResNet_20251124.jsonl 載入了 1 筆記錄
2025-11-25 13:01:47,523 - embedding_pipeline - INFO - 從 LM_2019_GPT_2_20251124.jsonl 載入了 1 筆記錄
2025-11-25 13:01:47,523 - embedding_pipeline - INFO - 從 MP_2021_LoRA_20251124.jsonl 載入了 1 筆記錄
2025-11-25 13:01:47,524 - embedding_pipeline - INFO - 從 IF_2022_LAION_5B_20251124.jsonl 載入了 1 筆記錄
2025-11-25 13:01:47,524 - embedding_pipeline - INFO - 從 MM_2014_DeepVideo_20251124.jsonl 載入了 1 筆記錄
2025-11-25 13:01:47,524 - embedding_pipeline - INFO - 從 MP_2014_Seq2Seq_20251124.jsonl 載入了 1 筆記錄
2025-11-25 13:01:47,524 - embedding_pipeline - INFO - 從 IF_2019_ZeRO_20251124.jsonl 載入了 1 筆記錄
2025-11-25 13:01:47,525 - embedding_pipeline - INFO - 從 LM_2020_GPT_3_20251124.jsonl 載入了 1 筆記錄
2025-11-25 13:01:47,525 - embedding_pipeline - INFO - 從 MP_2017_AlphaGo_Zero_20251125.jsonl 載入了 1 筆記錄
2025-11-25 13:01:47,526 - embedding_pipeline - INFO - 從 MP_2015_Knowledge_Distillation_20251124.jsonl 載入了 1 筆記錄
2025-11-25 13:01:47,526 - embedding_pipeline - INFO - 從 MM_2021_CLIP_20251124.jsonl 載入了 1 筆記錄
2025-11-25 13:01:47,526 - embedding_pipeline - INFO - 從 IF_2024_MegaScale_20251124.jsonl 載入了 1 筆記錄
2025-11-25 13:01:47,526 - embedding_pipeline - INFO - 總共載入 31 筆 OLMoCR 記錄
2025-11-25 13:01:47,526 - embedding_pipeline - INFO - 📝 處理文檔...
2025-11-25 13:01:47,583 - embedding_pipeline - INFO - 生成了 3845 個文檔塊
2025-11-25 13:01:47,583 - embedding_pipeline - INFO - 🗄️ 準備向量資料庫...
2025-11-25 13:01:47,585 - httpx - INFO - HTTP Request: GET http://localhost:6333/collections/olmocr_documents/exists "HTTP/1.1 200 OK"
2025-11-25 13:01:47,586 - embedding_pipeline - INFO - 集合 olmocr_documents 已存在
2025-11-25 13:01:47,587 - httpx - INFO - HTTP Request: GET http://localhost:6333/collections/olmocr_documents "HTTP/1.1 200 OK"
2025-11-25 13:01:47,588 - embedding_pipeline - INFO - 現有集合向量數量: 1430
2025-11-25 13:01:47,588 - embedding_pipeline - INFO - 💾 添加文檔到向量資料庫...
2025-11-25 13:01:47,588 - embedding_pipeline - INFO - 準備添加 3845 個文檔 (跳過重複檢查)
2025-11-25 13:01:49,616 - httpx - INFO - HTTP Request: POST https://api.openai.com/v1/embeddings "HTTP/1.1 200 OK"
2025-11-25 13:01:50,338 - httpx - INFO - HTTP Request: PUT http://localhost:6333/collections/olmocr_documents/points?wait=true "HTTP/1.1 200 OK"
2025-11-25 13:01:50,340 - embedding_pipeline - INFO - 成功添加批次 1: 50 個文檔
2025-11-25 13:01:51,352 - httpx - INFO - HTTP Request: POST https://api.openai.com/v1/embeddings "HTTP/1.1 200 OK"
2025-11-25 13:01:52,108 - httpx - INFO - HTTP Request: PUT http://localhost:6333/collections/olmocr_documents/points?wait=true "HTTP/1.1 200 OK"
2025-11-25 13:01:52,109 - embedding_pipeline - INFO - 成功添加批次 2: 50 個文檔
2025-11-25 13:01:52,933 - httpx - INFO - HTTP Request: POST https://api.openai.com/v1/embeddings "HTTP/1.1 200 OK"
2025-11-25 13:01:53,359 - httpx - INFO - HTTP Request: PUT http://localhost:6333/collections/olmocr_documents/points?wait=true "HTTP/1.1 200 OK"
2025-11-25 13:01:53,359 - embedding_pipeline - INFO - 成功添加批次 3: 50 個文檔
2025-11-25 13:01:54,246 - httpx - INFO - HTTP Request: POST https://api.openai.com/v1/embeddings "HTTP/1.1 200 OK"
2025-11-25 13:01:54,964 - httpx - INFO - HTTP Request: PUT http://localhost:6333/collections/olmocr_documents/points?wait=true "HTTP/1.1 200 OK"
2025-11-25 13:01:54,965 - embedding_pipeline - INFO - 成功添加批次 4: 50 個文檔
2025-11-25 13:01:55,593 - httpx - INFO - HTTP Request: POST https://api.openai.com/v1/embeddings "HTTP/1.1 200 OK"
2025-11-25 13:01:55,855 - httpx - INFO - HTTP Request: PUT http://localhost:6333/collections/olmocr_documents/points?wait=true "HTTP/1.1 200 OK"
2025-11-25 13:01:55,856 - embedding_pipeline - INFO - 成功添加批次 5: 50 個文檔
2025-11-25 13:01:56,485 - httpx - INFO - HTTP Request: POST https://api.openai.com/v1/embeddings "HTTP/1.1 200 OK"
2025-11-25 13:01:56,997 - httpx - INFO - HTTP Request: PUT http://localhost:6333/collections/olmocr_documents/points?wait=true "HTTP/1.1 200 OK"
2025-11-25 13:01:56,998 - embedding_pipeline - INFO - 成功添加批次 6: 50 個文檔
2025-11-25 13:01:57,801 - httpx - INFO - HTTP Request: POST https://api.openai.com/v1/embeddings "HTTP/1.1 200 OK"
2025-11-25 13:01:58,259 - httpx - INFO - HTTP Request: PUT http://localhost:6333/collections/olmocr_documents/points?wait=true "HTTP/1.1 200 OK"
2025-11-25 13:01:58,260 - embedding_pipeline - INFO - 成功添加批次 7: 50 個文檔
2025-11-25 13:01:59,054 - httpx - INFO - HTTP Request: POST https://api.openai.com/v1/embeddings "HTTP/1.1 200 OK"
2025-11-25 13:01:59,826 - httpx - INFO - HTTP Request: PUT http://localhost:6333/collections/olmocr_documents/points?wait=true "HTTP/1.1 200 OK"
2025-11-25 13:01:59,827 - embedding_pipeline - INFO - 成功添加批次 8: 50 個文檔
2025-11-25 13:02:00,372 - httpx - INFO - HTTP Request: POST https://api.openai.com/v1/embeddings "HTTP/1.1 200 OK"
2025-11-25 13:02:01,073 - httpx - INFO - HTTP Request: PUT http://localhost:6333/collections/olmocr_documents/points?wait=true "HTTP/1.1 200 OK"
2025-11-25 13:02:01,074 - embedding_pipeline - INFO - 成功添加批次 9: 50 個文檔
2025-11-25 13:02:01,867 - httpx - INFO - HTTP Request: POST https://api.openai.com/v1/embeddings "HTTP/1.1 200 OK"
2025-11-25 13:02:02,286 - httpx - INFO - HTTP Request: PUT http://localhost:6333/collections/olmocr_documents/points?wait=true "HTTP/1.1 200 OK"
2025-11-25 13:02:02,286 - embedding_pipeline - INFO - 成功添加批次 10: 50 個文檔
2025-11-25 13:02:02,987 - httpx - INFO - HTTP Request: POST https://api.openai.com/v1/embeddings "HTTP/1.1 200 OK"
2025-11-25 13:02:03,434 - httpx - INFO - HTTP Request: PUT http://localhost:6333/collections/olmocr_documents/points?wait=true "HTTP/1.1 200 OK"
2025-11-25 13:02:03,435 - embedding_pipeline - INFO - 成功添加批次 11: 50 個文檔
2025-11-25 13:02:04,239 - httpx - INFO - HTTP Request: POST https://api.openai.com/v1/embeddings "HTTP/1.1 200 OK"
2025-11-25 13:02:04,952 - httpx - INFO - HTTP Request: PUT http://localhost:6333/collections/olmocr_documents/points?wait=true "HTTP/1.1 200 OK"
2025-11-25 13:02:04,953 - embedding_pipeline - INFO - 成功添加批次 12: 50 個文檔
2025-11-25 13:02:05,863 - httpx - INFO - HTTP Request: POST https://api.openai.com/v1/embeddings "HTTP/1.1 200 OK"
2025-11-25 13:02:06,551 - httpx - INFO - HTTP Request: PUT http://localhost:6333/collections/olmocr_documents/points?wait=true "HTTP/1.1 200 OK"
2025-11-25 13:02:06,552 - embedding_pipeline - INFO - 成功添加批次 13: 50 個文檔
2025-11-25 13:02:07,208 - httpx - INFO - HTTP Request: POST https://api.openai.com/v1/embeddings "HTTP/1.1 200 OK"
2025-11-25 13:02:08,115 - httpx - INFO - HTTP Request: PUT http://localhost:6333/collections/olmocr_documents/points?wait=true "HTTP/1.1 200 OK"
2025-11-25 13:02:08,116 - embedding_pipeline - INFO - 成功添加批次 14: 50 個文檔
2025-11-25 13:02:08,702 - httpx - INFO - HTTP Request: POST https://api.openai.com/v1/embeddings "HTTP/1.1 200 OK"
2025-11-25 13:02:08,992 - httpx - INFO - HTTP Request: PUT http://localhost:6333/collections/olmocr_documents/points?wait=true "HTTP/1.1 200 OK"
2025-11-25 13:02:08,993 - embedding_pipeline - INFO - 成功添加批次 15: 50 個文檔
2025-11-25 13:02:09,772 - httpx - INFO - HTTP Request: POST https://api.openai.com/v1/embeddings "HTTP/1.1 200 OK"
2025-11-25 13:02:10,506 - httpx - INFO - HTTP Request: PUT http://localhost:6333/collections/olmocr_documents/points?wait=true "HTTP/1.1 200 OK"
2025-11-25 13:02:10,507 - embedding_pipeline - INFO - 成功添加批次 16: 50 個文檔
2025-11-25 13:02:11,214 - httpx - INFO - HTTP Request: POST https://api.openai.com/v1/embeddings "HTTP/1.1 200 OK"
2025-11-25 13:02:12,349 - httpx - INFO - HTTP Request: PUT http://localhost:6333/collections/olmocr_documents/points?wait=true "HTTP/1.1 200 OK"
2025-11-25 13:02:12,350 - embedding_pipeline - INFO - 成功添加批次 17: 50 個文檔
2025-11-25 13:02:12,950 - httpx - INFO - HTTP Request: POST https://api.openai.com/v1/embeddings "HTTP/1.1 200 OK"
2025-11-25 13:02:13,534 - httpx - INFO - HTTP Request: PUT http://localhost:6333/collections/olmocr_documents/points?wait=true "HTTP/1.1 200 OK"
2025-11-25 13:02:13,535 - embedding_pipeline - INFO - 成功添加批次 18: 50 個文檔
2025-11-25 13:02:14,366 - httpx - INFO - HTTP Request: POST https://api.openai.com/v1/embeddings "HTTP/1.1 200 OK"
2025-11-25 13:02:14,822 - httpx - INFO - HTTP Request: PUT http://localhost:6333/collections/olmocr_documents/points?wait=true "HTTP/1.1 200 OK"
2025-11-25 13:02:14,823 - embedding_pipeline - INFO - 成功添加批次 19: 50 個文檔
2025-11-25 13:02:15,769 - httpx - INFO - HTTP Request: POST https://api.openai.com/v1/embeddings "HTTP/1.1 200 OK"
2025-11-25 13:02:16,730 - httpx - INFO - HTTP Request: PUT http://localhost:6333/collections/olmocr_documents/points?wait=true "HTTP/1.1 200 OK"
2025-11-25 13:02:16,731 - embedding_pipeline - INFO - 成功添加批次 20: 50 個文檔
2025-11-25 13:02:17,496 - httpx - INFO - HTTP Request: POST https://api.openai.com/v1/embeddings "HTTP/1.1 200 OK"
2025-11-25 13:02:18,219 - httpx - INFO - HTTP Request: PUT http://localhost:6333/collections/olmocr_documents/points?wait=true "HTTP/1.1 200 OK"
2025-11-25 13:02:18,220 - embedding_pipeline - INFO - 成功添加批次 21: 50 個文檔
2025-11-25 13:02:19,147 - httpx - INFO - HTTP Request: POST https://api.openai.com/v1/embeddings "HTTP/1.1 200 OK"
2025-11-25 13:02:19,577 - httpx - INFO - HTTP Request: PUT http://localhost:6333/collections/olmocr_documents/points?wait=true "HTTP/1.1 200 OK"
2025-11-25 13:02:19,578 - embedding_pipeline - INFO - 成功添加批次 22: 50 個文檔
2025-11-25 13:02:20,048 - httpx - INFO - HTTP Request: POST https://api.openai.com/v1/embeddings "HTTP/1.1 200 OK"
2025-11-25 13:02:20,858 - httpx - INFO - HTTP Request: PUT http://localhost:6333/collections/olmocr_documents/points?wait=true "HTTP/1.1 200 OK"
2025-11-25 13:02:20,858 - embedding_pipeline - INFO - 成功添加批次 23: 50 個文檔
2025-11-25 13:02:21,590 - httpx - INFO - HTTP Request: POST https://api.openai.com/v1/embeddings "HTTP/1.1 200 OK"
2025-11-25 13:02:22,317 - httpx - INFO - HTTP Request: PUT http://localhost:6333/collections/olmocr_documents/points?wait=true "HTTP/1.1 200 OK"
2025-11-25 13:02:22,319 - embedding_pipeline - INFO - 成功添加批次 24: 50 個文檔
2025-11-25 13:02:22,945 - httpx - INFO - HTTP Request: POST https://api.openai.com/v1/embeddings "HTTP/1.1 200 OK"
2025-11-25 13:02:23,226 - httpx - INFO - HTTP Request: PUT http://localhost:6333/collections/olmocr_documents/points?wait=true "HTTP/1.1 200 OK"
2025-11-25 13:02:23,227 - embedding_pipeline - INFO - 成功添加批次 25: 50 個文檔
2025-11-25 13:02:24,197 - httpx - INFO - HTTP Request: POST https://api.openai.com/v1/embeddings "HTTP/1.1 200 OK"
2025-11-25 13:02:24,908 - httpx - INFO - HTTP Request: PUT http://localhost:6333/collections/olmocr_documents/points?wait=true "HTTP/1.1 200 OK"
2025-11-25 13:02:24,909 - embedding_pipeline - INFO - 成功添加批次 26: 50 個文檔
2025-11-25 13:02:25,661 - httpx - INFO - HTTP Request: POST https://api.openai.com/v1/embeddings "HTTP/1.1 200 OK"
2025-11-25 13:02:26,376 - httpx - INFO - HTTP Request: PUT http://localhost:6333/collections/olmocr_documents/points?wait=true "HTTP/1.1 200 OK"
2025-11-25 13:02:26,376 - embedding_pipeline - INFO - 成功添加批次 27: 50 個文檔
2025-11-25 13:02:27,433 - httpx - INFO - HTTP Request: POST https://api.openai.com/v1/embeddings "HTTP/1.1 200 OK"
2025-11-25 13:02:28,828 - httpx - INFO - HTTP Request: PUT http://localhost:6333/collections/olmocr_documents/points?wait=true "HTTP/1.1 200 OK"
2025-11-25 13:02:28,829 - embedding_pipeline - INFO - 成功添加批次 28: 50 個文檔
2025-11-25 13:02:30,093 - httpx - INFO - HTTP Request: POST https://api.openai.com/v1/embeddings "HTTP/1.1 200 OK"
2025-11-25 13:02:30,895 - httpx - INFO - HTTP Request: PUT http://localhost:6333/collections/olmocr_documents/points?wait=true "HTTP/1.1 200 OK"
2025-11-25 13:02:30,896 - embedding_pipeline - INFO - 成功添加批次 29: 50 個文檔
2025-11-25 13:02:31,773 - httpx - INFO - HTTP Request: POST https://api.openai.com/v1/embeddings "HTTP/1.1 200 OK"
2025-11-25 13:02:33,510 - httpx - INFO - HTTP Request: PUT http://localhost:6333/collections/olmocr_documents/points?wait=true "HTTP/1.1 200 OK"
2025-11-25 13:02:33,511 - embedding_pipeline - INFO - 成功添加批次 30: 50 個文檔
2025-11-25 13:02:34,234 - httpx - INFO - HTTP Request: POST https://api.openai.com/v1/embeddings "HTTP/1.1 200 OK"
2025-11-25 13:02:34,711 - httpx - INFO - HTTP Request: PUT http://localhost:6333/collections/olmocr_documents/points?wait=true "HTTP/1.1 200 OK"
2025-11-25 13:02:34,712 - embedding_pipeline - INFO - 成功添加批次 31: 50 個文檔
2025-11-25 13:02:35,498 - httpx - INFO - HTTP Request: POST https://api.openai.com/v1/embeddings "HTTP/1.1 200 OK"
2025-11-25 13:02:36,205 - httpx - INFO - HTTP Request: PUT http://localhost:6333/collections/olmocr_documents/points?wait=true "HTTP/1.1 200 OK"
2025-11-25 13:02:36,206 - embedding_pipeline - INFO - 成功添加批次 32: 50 個文檔
2025-11-25 13:02:37,508 - httpx - INFO - HTTP Request: POST https://api.openai.com/v1/embeddings "HTTP/1.1 200 OK"
2025-11-25 13:02:38,002 - httpx - INFO - HTTP Request: PUT http://localhost:6333/collections/olmocr_documents/points?wait=true "HTTP/1.1 200 OK"
2025-11-25 13:02:38,003 - embedding_pipeline - INFO - 成功添加批次 33: 50 個文檔
2025-11-25 13:02:38,816 - httpx - INFO - HTTP Request: POST https://api.openai.com/v1/embeddings "HTTP/1.1 200 OK"
2025-11-25 13:02:39,533 - httpx - INFO - HTTP Request: PUT http://localhost:6333/collections/olmocr_documents/points?wait=true "HTTP/1.1 200 OK"
2025-11-25 13:02:39,534 - embedding_pipeline - INFO - 成功添加批次 34: 50 個文檔
2025-11-25 13:02:40,269 - httpx - INFO - HTTP Request: POST https://api.openai.com/v1/embeddings "HTTP/1.1 200 OK"
2025-11-25 13:02:41,016 - httpx - INFO - HTTP Request: PUT http://localhost:6333/collections/olmocr_documents/points?wait=true "HTTP/1.1 200 OK"
2025-11-25 13:02:41,017 - embedding_pipeline - INFO - 成功添加批次 35: 50 個文檔
2025-11-25 13:02:41,494 - httpx - INFO - HTTP Request: POST https://api.openai.com/v1/embeddings "HTTP/1.1 200 OK"
2025-11-25 13:02:42,373 - httpx - INFO - HTTP Request: PUT http://localhost:6333/collections/olmocr_documents/points?wait=true "HTTP/1.1 200 OK"
2025-11-25 13:02:42,374 - embedding_pipeline - INFO - 成功添加批次 36: 50 個文檔
2025-11-25 13:02:43,128 - httpx - INFO - HTTP Request: POST https://api.openai.com/v1/embeddings "HTTP/1.1 200 OK"
2025-11-25 13:02:45,020 - httpx - INFO - HTTP Request: PUT http://localhost:6333/collections/olmocr_documents/points?wait=true "HTTP/1.1 200 OK"
2025-11-25 13:02:45,021 - embedding_pipeline - INFO - 成功添加批次 37: 50 個文檔
2025-11-25 13:02:46,066 - httpx - INFO - HTTP Request: POST https://api.openai.com/v1/embeddings "HTTP/1.1 200 OK"
2025-11-25 13:02:47,636 - httpx - INFO - HTTP Request: PUT http://localhost:6333/collections/olmocr_documents/points?wait=true "HTTP/1.1 200 OK"
2025-11-25 13:02:47,637 - embedding_pipeline - INFO - 成功添加批次 38: 50 個文檔
2025-11-25 13:02:48,971 - httpx - INFO - HTTP Request: POST https://api.openai.com/v1/embeddings "HTTP/1.1 200 OK"
2025-11-25 13:02:49,390 - httpx - INFO - HTTP Request: PUT http://localhost:6333/collections/olmocr_documents/points?wait=true "HTTP/1.1 200 OK"
2025-11-25 13:02:49,391 - embedding_pipeline - INFO - 成功添加批次 39: 50 個文檔
2025-11-25 13:02:50,406 - httpx - INFO - HTTP Request: POST https://api.openai.com/v1/embeddings "HTTP/1.1 200 OK"
2025-11-25 13:02:51,110 - httpx - INFO - HTTP Request: PUT http://localhost:6333/collections/olmocr_documents/points?wait=true "HTTP/1.1 200 OK"
2025-11-25 13:02:51,110 - embedding_pipeline - INFO - 成功添加批次 40: 50 個文檔
2025-11-25 13:02:52,056 - httpx - INFO - HTTP Request: POST https://api.openai.com/v1/embeddings "HTTP/1.1 200 OK"
2025-11-25 13:02:52,754 - httpx - INFO - HTTP Request: PUT http://localhost:6333/collections/olmocr_documents/points?wait=true "HTTP/1.1 200 OK"
2025-11-25 13:02:52,755 - embedding_pipeline - INFO - 成功添加批次 41: 50 個文檔
2025-11-25 13:02:53,666 - httpx - INFO - HTTP Request: POST https://api.openai.com/v1/embeddings "HTTP/1.1 200 OK"
2025-11-25 13:02:54,391 - httpx - INFO - HTTP Request: PUT http://localhost:6333/collections/olmocr_documents/points?wait=true "HTTP/1.1 200 OK"
2025-11-25 13:02:54,392 - embedding_pipeline - INFO - 成功添加批次 42: 50 個文檔
2025-11-25 13:02:55,030 - httpx - INFO - HTTP Request: POST https://api.openai.com/v1/embeddings "HTTP/1.1 200 OK"
2025-11-25 13:02:55,459 - httpx - INFO - HTTP Request: PUT http://localhost:6333/collections/olmocr_documents/points?wait=true "HTTP/1.1 200 OK"
2025-11-25 13:02:55,459 - embedding_pipeline - INFO - 成功添加批次 43: 50 個文檔
2025-11-25 13:02:56,427 - httpx - INFO - HTTP Request: POST https://api.openai.com/v1/embeddings "HTTP/1.1 200 OK"
2025-11-25 13:02:56,887 - httpx - INFO - HTTP Request: PUT http://localhost:6333/collections/olmocr_documents/points?wait=true "HTTP/1.1 200 OK"
2025-11-25 13:02:56,888 - embedding_pipeline - INFO - 成功添加批次 44: 50 個文檔
2025-11-25 13:02:57,579 - httpx - INFO - HTTP Request: POST https://api.openai.com/v1/embeddings "HTTP/1.1 200 OK"
2025-11-25 13:02:59,125 - httpx - INFO - HTTP Request: PUT http://localhost:6333/collections/olmocr_documents/points?wait=true "HTTP/1.1 200 OK"
2025-11-25 13:02:59,126 - embedding_pipeline - INFO - 成功添加批次 45: 50 個文檔
2025-11-25 13:02:59,716 - httpx - INFO - HTTP Request: POST https://api.openai.com/v1/embeddings "HTTP/1.1 200 OK"
2025-11-25 13:03:00,008 - httpx - INFO - HTTP Request: PUT http://localhost:6333/collections/olmocr_documents/points?wait=true "HTTP/1.1 200 OK"
2025-11-25 13:03:00,009 - embedding_pipeline - INFO - 成功添加批次 46: 50 個文檔
2025-11-25 13:03:00,971 - httpx - INFO - HTTP Request: POST https://api.openai.com/v1/embeddings "HTTP/1.1 200 OK"
2025-11-25 13:03:01,709 - httpx - INFO - HTTP Request: PUT http://localhost:6333/collections/olmocr_documents/points?wait=true "HTTP/1.1 200 OK"
2025-11-25 13:03:01,710 - embedding_pipeline - INFO - 成功添加批次 47: 50 個文檔
2025-11-25 13:03:02,512 - httpx - INFO - HTTP Request: POST https://api.openai.com/v1/embeddings "HTTP/1.1 200 OK"
2025-11-25 13:03:03,236 - httpx - INFO - HTTP Request: PUT http://localhost:6333/collections/olmocr_documents/points?wait=true "HTTP/1.1 200 OK"
2025-11-25 13:03:03,238 - embedding_pipeline - INFO - 成功添加批次 48: 50 個文檔
2025-11-25 13:03:03,970 - httpx - INFO - HTTP Request: POST https://api.openai.com/v1/embeddings "HTTP/1.1 200 OK"
2025-11-25 13:03:04,492 - httpx - INFO - HTTP Request: PUT http://localhost:6333/collections/olmocr_documents/points?wait=true "HTTP/1.1 200 OK"
2025-11-25 13:03:04,493 - embedding_pipeline - INFO - 成功添加批次 49: 50 個文檔
2025-11-25 13:03:05,197 - httpx - INFO - HTTP Request: POST https://api.openai.com/v1/embeddings "HTTP/1.1 200 OK"
2025-11-25 13:03:05,532 - httpx - INFO - HTTP Request: PUT http://localhost:6333/collections/olmocr_documents/points?wait=true "HTTP/1.1 200 OK"
2025-11-25 13:03:05,532 - embedding_pipeline - INFO - 成功添加批次 50: 50 個文檔
2025-11-25 13:03:06,453 - httpx - INFO - HTTP Request: POST https://api.openai.com/v1/embeddings "HTTP/1.1 200 OK"
2025-11-25 13:03:07,180 - httpx - INFO - HTTP Request: PUT http://localhost:6333/collections/olmocr_documents/points?wait=true "HTTP/1.1 200 OK"
2025-11-25 13:03:07,181 - embedding_pipeline - INFO - 成功添加批次 51: 50 個文檔
2025-11-25 13:03:07,692 - httpx - INFO - HTTP Request: POST https://api.openai.com/v1/embeddings "HTTP/1.1 200 OK"
2025-11-25 13:03:08,639 - httpx - INFO - HTTP Request: PUT http://localhost:6333/collections/olmocr_documents/points?wait=true "HTTP/1.1 200 OK"
2025-11-25 13:03:08,640 - embedding_pipeline - INFO - 成功添加批次 52: 50 個文檔
2025-11-25 13:03:09,353 - httpx - INFO - HTTP Request: POST https://api.openai.com/v1/embeddings "HTTP/1.1 200 OK"
2025-11-25 13:03:09,779 - httpx - INFO - HTTP Request: PUT http://localhost:6333/collections/olmocr_documents/points?wait=true "HTTP/1.1 200 OK"
2025-11-25 13:03:09,780 - embedding_pipeline - INFO - 成功添加批次 53: 50 個文檔
2025-11-25 13:03:10,258 - httpx - INFO - HTTP Request: POST https://api.openai.com/v1/embeddings "HTTP/1.1 200 OK"
2025-11-25 13:03:10,971 - httpx - INFO - HTTP Request: PUT http://localhost:6333/collections/olmocr_documents/points?wait=true "HTTP/1.1 200 OK"
2025-11-25 13:03:10,972 - embedding_pipeline - INFO - 成功添加批次 54: 50 個文檔
2025-11-25 13:03:12,084 - httpx - INFO - HTTP Request: POST https://api.openai.com/v1/embeddings "HTTP/1.1 200 OK"
2025-11-25 13:03:12,801 - httpx - INFO - HTTP Request: PUT http://localhost:6333/collections/olmocr_documents/points?wait=true "HTTP/1.1 200 OK"
2025-11-25 13:03:12,802 - embedding_pipeline - INFO - 成功添加批次 55: 50 個文檔
2025-11-25 13:03:13,558 - httpx - INFO - HTTP Request: POST https://api.openai.com/v1/embeddings "HTTP/1.1 200 OK"
2025-11-25 13:03:14,073 - httpx - INFO - HTTP Request: PUT http://localhost:6333/collections/olmocr_documents/points?wait=true "HTTP/1.1 200 OK"
2025-11-25 13:03:14,074 - embedding_pipeline - INFO - 成功添加批次 56: 50 個文檔
2025-11-25 13:03:14,876 - httpx - INFO - HTTP Request: POST https://api.openai.com/v1/embeddings "HTTP/1.1 200 OK"
2025-11-25 13:03:16,426 - httpx - INFO - HTTP Request: PUT http://localhost:6333/collections/olmocr_documents/points?wait=true "HTTP/1.1 200 OK"
2025-11-25 13:03:16,427 - embedding_pipeline - INFO - 成功添加批次 57: 50 個文檔
2025-11-25 13:03:17,750 - httpx - INFO - HTTP Request: POST https://api.openai.com/v1/embeddings "HTTP/1.1 200 OK"
2025-11-25 13:03:18,208 - httpx - INFO - HTTP Request: PUT http://localhost:6333/collections/olmocr_documents/points?wait=true "HTTP/1.1 200 OK"
2025-11-25 13:03:18,209 - embedding_pipeline - INFO - 成功添加批次 58: 50 個文檔
2025-11-25 13:03:19,224 - httpx - INFO - HTTP Request: POST https://api.openai.com/v1/embeddings "HTTP/1.1 200 OK"
2025-11-25 13:03:19,959 - httpx - INFO - HTTP Request: PUT http://localhost:6333/collections/olmocr_documents/points?wait=true "HTTP/1.1 200 OK"
2025-11-25 13:03:19,960 - embedding_pipeline - INFO - 成功添加批次 59: 50 個文檔
2025-11-25 13:03:20,688 - httpx - INFO - HTTP Request: POST https://api.openai.com/v1/embeddings "HTTP/1.1 200 OK"
2025-11-25 13:03:20,972 - httpx - INFO - HTTP Request: PUT http://localhost:6333/collections/olmocr_documents/points?wait=true "HTTP/1.1 200 OK"
2025-11-25 13:03:20,973 - embedding_pipeline - INFO - 成功添加批次 60: 50 個文檔
2025-11-25 13:03:21,906 - httpx - INFO - HTTP Request: POST https://api.openai.com/v1/embeddings "HTTP/1.1 200 OK"
2025-11-25 13:03:22,616 - httpx - INFO - HTTP Request: PUT http://localhost:6333/collections/olmocr_documents/points?wait=true "HTTP/1.1 200 OK"
2025-11-25 13:03:22,618 - embedding_pipeline - INFO - 成功添加批次 61: 50 個文檔
2025-11-25 13:03:23,669 - httpx - INFO - HTTP Request: POST https://api.openai.com/v1/embeddings "HTTP/1.1 200 OK"
2025-11-25 13:03:24,472 - httpx - INFO - HTTP Request: PUT http://localhost:6333/collections/olmocr_documents/points?wait=true "HTTP/1.1 200 OK"
2025-11-25 13:03:24,473 - embedding_pipeline - INFO - 成功添加批次 62: 50 個文檔
2025-11-25 13:03:25,265 - httpx - INFO - HTTP Request: POST https://api.openai.com/v1/embeddings "HTTP/1.1 200 OK"
2025-11-25 13:03:26,007 - httpx - INFO - HTTP Request: PUT http://localhost:6333/collections/olmocr_documents/points?wait=true "HTTP/1.1 200 OK"
2025-11-25 13:03:26,008 - embedding_pipeline - INFO - 成功添加批次 63: 50 個文檔
2025-11-25 13:03:26,685 - httpx - INFO - HTTP Request: POST https://api.openai.com/v1/embeddings "HTTP/1.1 200 OK"
2025-11-25 13:03:27,626 - httpx - INFO - HTTP Request: PUT http://localhost:6333/collections/olmocr_documents/points?wait=true "HTTP/1.1 200 OK"
2025-11-25 13:03:27,627 - embedding_pipeline - INFO - 成功添加批次 64: 50 個文檔
2025-11-25 13:03:28,606 - httpx - INFO - HTTP Request: POST https://api.openai.com/v1/embeddings "HTTP/1.1 200 OK"
2025-11-25 13:03:29,313 - httpx - INFO - HTTP Request: PUT http://localhost:6333/collections/olmocr_documents/points?wait=true "HTTP/1.1 200 OK"
2025-11-25 13:03:29,314 - embedding_pipeline - INFO - 成功添加批次 65: 50 個文檔
2025-11-25 13:03:29,950 - httpx - INFO - HTTP Request: POST https://api.openai.com/v1/embeddings "HTTP/1.1 200 OK"
2025-11-25 13:03:31,340 - httpx - INFO - HTTP Request: PUT http://localhost:6333/collections/olmocr_documents/points?wait=true "HTTP/1.1 200 OK"
2025-11-25 13:03:31,341 - embedding_pipeline - INFO - 成功添加批次 66: 50 個文檔
2025-11-25 13:03:32,125 - httpx - INFO - HTTP Request: POST https://api.openai.com/v1/embeddings "HTTP/1.1 200 OK"
2025-11-25 13:03:32,937 - httpx - INFO - HTTP Request: PUT http://localhost:6333/collections/olmocr_documents/points?wait=true "HTTP/1.1 200 OK"
2025-11-25 13:03:32,938 - embedding_pipeline - INFO - 成功添加批次 67: 50 個文檔
2025-11-25 13:03:33,972 - httpx - INFO - HTTP Request: POST https://api.openai.com/v1/embeddings "HTTP/1.1 200 OK"
2025-11-25 13:03:34,439 - httpx - INFO - HTTP Request: PUT http://localhost:6333/collections/olmocr_documents/points?wait=true "HTTP/1.1 200 OK"
2025-11-25 13:03:34,440 - embedding_pipeline - INFO - 成功添加批次 68: 50 個文檔
2025-11-25 13:03:35,460 - httpx - INFO - HTTP Request: POST https://api.openai.com/v1/embeddings "HTTP/1.1 200 OK"
2025-11-25 13:03:36,813 - httpx - INFO - HTTP Request: PUT http://localhost:6333/collections/olmocr_documents/points?wait=true "HTTP/1.1 200 OK"
2025-11-25 13:03:36,814 - embedding_pipeline - INFO - 成功添加批次 69: 50 個文檔
2025-11-25 13:03:37,536 - httpx - INFO - HTTP Request: POST https://api.openai.com/v1/embeddings "HTTP/1.1 200 OK"
2025-11-25 13:03:38,495 - httpx - INFO - HTTP Request: PUT http://localhost:6333/collections/olmocr_documents/points?wait=true "HTTP/1.1 200 OK"
2025-11-25 13:03:38,496 - embedding_pipeline - INFO - 成功添加批次 70: 50 個文檔
2025-11-25 13:03:39,178 - httpx - INFO - HTTP Request: POST https://api.openai.com/v1/embeddings "HTTP/1.1 200 OK"
2025-11-25 13:03:39,912 - httpx - INFO - HTTP Request: PUT http://localhost:6333/collections/olmocr_documents/points?wait=true "HTTP/1.1 200 OK"
2025-11-25 13:03:39,913 - embedding_pipeline - INFO - 成功添加批次 71: 50 個文檔
2025-11-25 13:03:40,569 - httpx - INFO - HTTP Request: POST https://api.openai.com/v1/embeddings "HTTP/1.1 200 OK"
2025-11-25 13:03:41,001 - httpx - INFO - HTTP Request: PUT http://localhost:6333/collections/olmocr_documents/points?wait=true "HTTP/1.1 200 OK"
2025-11-25 13:03:41,002 - embedding_pipeline - INFO - 成功添加批次 72: 50 個文檔
2025-11-25 13:03:41,952 - httpx - INFO - HTTP Request: POST https://api.openai.com/v1/embeddings "HTTP/1.1 200 OK"
2025-11-25 13:03:42,877 - httpx - INFO - HTTP Request: PUT http://localhost:6333/collections/olmocr_documents/points?wait=true "HTTP/1.1 200 OK"
2025-11-25 13:03:42,878 - embedding_pipeline - INFO - 成功添加批次 73: 50 個文檔
2025-11-25 13:03:43,781 - httpx - INFO - HTTP Request: POST https://api.openai.com/v1/embeddings "HTTP/1.1 200 OK"
2025-11-25 13:03:44,520 - httpx - INFO - HTTP Request: PUT http://localhost:6333/collections/olmocr_documents/points?wait=true "HTTP/1.1 200 OK"
2025-11-25 13:03:44,521 - embedding_pipeline - INFO - 成功添加批次 74: 50 個文檔
2025-11-25 13:03:44,986 - httpx - INFO - HTTP Request: POST https://api.openai.com/v1/embeddings "HTTP/1.1 200 OK"
2025-11-25 13:03:45,962 - httpx - INFO - HTTP Request: PUT http://localhost:6333/collections/olmocr_documents/points?wait=true "HTTP/1.1 200 OK"
2025-11-25 13:03:45,963 - embedding_pipeline - INFO - 成功添加批次 75: 50 個文檔
2025-11-25 13:03:46,672 - httpx - INFO - HTTP Request: POST https://api.openai.com/v1/embeddings "HTTP/1.1 200 OK"
2025-11-25 13:03:47,092 - httpx - INFO - HTTP Request: PUT http://localhost:6333/collections/olmocr_documents/points?wait=true "HTTP/1.1 200 OK"
2025-11-25 13:03:47,093 - embedding_pipeline - INFO - 成功添加批次 76: 50 個文檔
2025-11-25 13:03:47,952 - httpx - INFO - HTTP Request: POST https://api.openai.com/v1/embeddings "HTTP/1.1 200 OK"
2025-11-25 13:03:48,785 - httpx - INFO - HTTP Request: PUT http://localhost:6333/collections/olmocr_documents/points?wait=true "HTTP/1.1 200 OK"
2025-11-25 13:03:48,787 - embedding_pipeline - INFO - 成功添加批次 77: 45 個文檔
2025-11-25 13:03:48,789 - httpx - INFO - HTTP Request: GET http://localhost:6333/collections/olmocr_documents "HTTP/1.1 200 OK"
2025-11-25 13:03:48,789 - embedding_pipeline - INFO - 📊 集合總向量數量: 5275
2025-11-25 13:03:48,789 - embedding_pipeline - INFO - 🎉 Embedding Pipeline 執行完成！
2025-11-25 13:03:48,789 - embedding_pipeline - INFO - 📊 處理統計: 處理文檔 3845 個，添加 3845 個
2025-11-25 13:03:48,793 - httpx - INFO - HTTP Request: GET http://localhost:6333/collections/olmocr_documents "HTTP/1.1 200 OK"
2025-11-25 13:09:07,677 - httpx - INFO - HTTP Request: GET http://localhost:6333 "HTTP/1.1 200 OK"
